claim_id,claim,evidence_category,source,publication_year,source_type,direct_or_inferred,confidence,limitations,citation_or_identifier
LIV-01,"The first photographs of a live giant squid in its natural deep-sea habitat were taken on 30 September 2004 (first attack at ~09:15 local time), when a remote baited camera-and-depth-logger rig photographed an Architeuthis attacking a baited jig at 900 m depth off the Ogasawara (Bonin) Islands, N Pacific; more than 550 digital images were taken (one every 30 s) over the subsequent ~4 hours.",A,"Kubodera & Mori, 'First-ever observations of a live giant squid in the wild', Proc. R. Soc. B 272:2583-2586",2005,peer-reviewed,direct,high,"Single individual; behavior elicited by an artificial baited jig, not natural prey; only still images at 30-s intervals, not continuous video.",10.1098/rspb.2005.3158
LIV-02,"During the 2004 photo sequence the squid became snagged on the jig and struggled for over 4 hours; when it broke free it left behind a severed tentacle 5.5 m long, which was recovered still attached to the line and confirmed the identification (Architeuthis) and the animal's scale (total length estimated >8 m).",B,"Kubodera & Mori, Proc. R. Soc. B",2005,peer-reviewed,direct,high,"Total length is an extrapolation from tentacle length using proportions of preserved specimens, not a direct measurement of the whole animal.",10.1098/rspb.2005.3158
LIV-03,"The 2004 images directly documented an aggressive predatory strike: the squid attacked the bait with its two elongate feeding tentacles, enveloping/tangling the bait (press accounts of the authors' description compare the tentacle wrap to a python's coil), and then made repeated attempts to detach itself from the jig.",A,"Kubodera & Mori, Proc. R. Soc. B; contemporaneous Nature news coverage",2005,peer-reviewed,direct,high,"The 'python-like' phrasing circulates via press paraphrase of the authors; attack was on bait, so strike kinematics on natural prey remain unobserved.",10.1098/rspb.2005.3158
LIV-04,"Kubodera & Mori concluded from the 2004 images and depth-logger data that Architeuthis is a much more active predator than previously supposed, contradicting the older hypothesis that it is a sluggish, neutrally buoyant drift-hunter.",D,"Kubodera & Mori, Proc. R. Soc. B",2005,peer-reviewed,inferred,high,"Generalization from one bait-elicited encounter; a hooked, struggling animal may not represent normal activity levels.",10.1098/rspb.2005.3158
LIV-05,"The first video of a live (adult/subadult) giant squid was obtained on 4 December 2006, when Kubodera's team hooked a small female on a baited line at ~650 m off the Ogasawara Islands and filmed it alive at the surface from the boat; the animal measured ~3.5 m and ~50 kg and died during capture.",A,Contemporaneous press (Mongabay 'Giant squid captured!'; AP/AFP wire coverage; Smithsonian Ocean retrospective),2006,press,direct,medium,"No peer-reviewed publication of this event was located; press sizes conflict (most outlets: 3.5 m / 50 kg with feeding tentacles damaged and ~7 m estimated if intact; some outlets reported '24 feet/7 m' as the length). Footage shows a dying animal at the surface, not natural behavior.",none found
LIV-06,"The first video of a giant squid in its deep-sea habitat was recorded in June-July 2012 off the Ogasawara Islands by Edith Widder's unobtrusive 'Medusa' camera platform (low-light camera, far-red illumination) baited with the 'e-jelly' electronic lure mimicking the bioluminescent burglar-alarm display of the jellyfish Atolla; the Medusa hung ~700 m (~2,300 ft) below a drifting surface float, first recorded a giant squid on its second deployment, and logged five separate encounters, culminating in a full-frontal view of a squid attacking the platform.",A,"Widder first-person accounts (Slate essay, NPR interview, TED); LiveScience/Discover retrospectives; NHK/Discovery expedition coverage",2012,other,direct,medium,The 2012 Japan footage was never described in a stand-alone peer-reviewed paper; exact dates and depths of each Medusa encounter are not consistently published; depth ~700 m is from Widder's own accounts.,none found
LIV-07,"On a dive widely dated 10 July 2012 (~15 km east of Chichijima, Ogasawara), Tsunemi Kubodera, Triton submersible pilot Jim Harris, and an NHK cameraman made the first direct human observation and close-up video of a live giant squid at depth: the squid was encountered at ~630 m feeding on a ~1-m diamondback squid bait and was followed to ~900 m before disappearing.",A,AFP via Phys.org (Jan 2013); Japan Times feature 'Dissecting the secrets of the legendary giant squid'; NHK/Discovery broadcasts,2012,press,direct,high,"The 10 July 2012 date traces to secondary compilations (e.g., Wikipedia) rather than a primary log I could access; viewing duration is reported variously as ~18 and ~23 minutes; behavior was again bait-mediated.",none found
LIV-08,The giant squid filmed from the submersible in 2012 was ~3 m long as seen and was missing both elongate feeding tentacles (reason unknown); media/scientist estimates put its intact length at roughly 7-8 m.,A,AFP via Phys.org; NBC News; Japan Times feature,2013,press,direct,high,"Length estimated visually against the bait/submersible, not measured; intact-length figure is an inference.",none found
LIV-09,"The 2012 submersible footage directly showed that a live giant squid at depth has iridescent metallic silver/gold coloration (shifting hues) and very large black eyes, and that it swims actively (holding the bait in its arms, maneuvering against the current) - strikingly different from the red/white appearance of dead stranded specimens.",A,Japan Times feature; AFP/Phys.org quoting Kubodera ('shining silver... beautiful'),2013,press,direct,high,Color appearance under artificial submersible lighting at depth may not represent appearance under ambient conditions; chromatophore state of a bait-focused animal may differ from undisturbed behavior.,none found
LIV-10,"Within the 2012 NHK/Discovery expedition (6 weeks aboard M/V Alucia, ~100 submersible dives and 400+ hours underwater), the Medusa platform recorded the expedition's first giant squid footage days (reported as seven days) before Kubodera's submersible encounter; thus the remote camera-platform, not the crewed submersible, obtained the first-ever deep-habitat video, although broadcasts and much press credited the submersible footage as 'the first film of a giant squid in its natural habitat'.",A,"National Geographic (2019, 'How scientists filmed a giant squid in U.S. waters'); Slate (Widder); Megayacht News/SuperyachtNews expedition reports",2012,press,direct,medium,"Precise date of the first Medusa hit is not published in any source I could verify; the priority framing differs between Widder-centric and Kubodera/NHK-centric accounts and should be reported as 'same expedition, Medusa first by days'.",none found
LIV-11,"On 19 June 2019, during the NOAA-funded 'Journey into Midnight: Light and Life Below the Twilight Zone' expedition led by Sonke Johnsen (Duke) and Edith Widder (ORCA), the Medusa/e-jelly system recorded a juvenile giant squid at 759 m (2,490 ft) in the Gulf of Mexico ~100 miles southeast of New Orleans (a few miles from the Appomattox deepwater platform) - the first observation of a live giant squid in U.S. waters and only the second-ever deep-habitat filming of the species.",A,"NOAA Ocean Exploration mission log ('Here Be Monsters', 20 Jun 2019); Robinson et al., Deep-Sea Research I 172:103538",2019,government agency,direct,high,Some press reported '100 miles southwest' of New Orleans (NOAA and most accounts say southeast); the animal's size is an estimate from the footage.,10.1016/j.dsr.2021.103538
LIV-12,"The 2019 Gulf of Mexico footage was first spotted during onboard review by Nathan J. Robinson; NOAA/Smithsonian squid expert Michael Vecchione initially said he was 'nearly certain' it was Architeuthis, and the identification was published as Architeuthis dux with an estimated mantle length of ~1.7 m (press: total length ~3-3.7 m) in Robinson et al. 2021.",A,"Robinson, Johnsen, Brooks, Frey, Judkins, Vecchione & Widder, Deep-Sea Research Part I 172:103538",2021,peer-reviewed,direct,high,"Identification and size are from video analysis, not a specimen; initial field ID was probabilistic ('nearly certain') before formal analysis.",10.1016/j.dsr.2021.103538
LIV-13,"Robinson et al. (2021) reported that the giant squid (and Pholidoteuthis) stalked the e-jelly from a distance and tracked its bobbing motion before striking, then withdrew rapidly after contact with the platform; they recorded large deep-sea squid encounters at depths of 557-950 m and concluded that unobtrusive low-light platforms with bioluminescence-mimicking lures are effective for attracting large deep-sea squid, which appear to be visually guided predators.",A,"Robinson et al., Deep-Sea Research Part I 172:103538",2021,peer-reviewed,direct,high,"Depth range 557-950 m spans several species/deployments in the Wider Caribbean Region, not Architeuthis alone; interpretation that the squid attacked in response to the 'burglar alarm' display (expecting prey near the alarming jelly) is an inference, not an observation.",10.1016/j.dsr.2021.103538
LIV-14,"Every published deep-habitat observation of a living giant squid to date (2004 stills; 2012 Medusa and submersible video; 2019 Gulf of Mexico video) was mediated by artificial attractants (baited jigs, dead/bait squid, or a bioluminescent lure); unprovoked natural hunting of live prey by Architeuthis at depth has never been documented.",D,"Synthesis across Kubodera & Mori 2005, Robinson et al. 2021, and expedition accounts",2004-2019,other,inferred,high,"A December 2025 fisherman's surface video showing apparent feeding on a diamondback squid (see separate finding) may be the first natural-feeding footage, but it is at the surface and scientifically unvetted.",none found
LIV-15,"On 24 December 2015, a live giant squid ~3.7 m long spent several hours swimming among boats in a Toyama Bay marina (Sea of Japan coast); diver Akinobu Kimura (Diving Shop Kaiyu) filmed it underwater at close range, reporting it was lively, jetted ink, and attempted to wrap tentacles around him, before he guided it out toward open water.",A,CNN (28 Dec 2015); Japan Times (29 Dec 2015); ABC News (Australia),2015,press,direct,high,"Press-documented event with video, but no scientific measurement of the animal; its subsequent fate is unknown; animals appearing in shallow harbors are likely displaced/compromised, so behavior may not represent normal deep-sea behavior.",none found
LIV-16,"An unprecedented 57 giant squid were recorded in Japanese coastal waters of the Sea of Japan between January 2014 and March 2015 (concentrated near Sado Island and Toyama Bay); 28 were alive when found - the largest documented cluster of live-encountered Architeuthis - occurring as beach strandings/surface floaters (19), fixed-net captures at 50-150 m (28), and trawl/gillnet captures at 200-300 m (10). The authors proposed the Sea of Japan acts as a large 'natural trap' for squid entering via the Tsushima Strait.",B,"Kubodera et al., 'Extraordinary numbers of giant squid...', Marine Biodiversity 48 (2018; online 2016; co-author list unconfirmed)",2016,peer-reviewed,direct,high,'Alive' means alive at discovery; most animals were moribund and none survived; the 'natural trap' mechanism is inference from oceanography.,10.1007/s12526-016-0618-7
LIV-17,"The earliest widely cited photographs of a live mature giant squid were taken on 15 January 2002 at Goshiki beach, Amino-cho, Kyoto Prefecture, Japan, of an animal ~2 m mantle length / ~4 m total length found alive at the surface; it died during capture attempts.",A,Secondary compilations (Wikipedia giant-squid article and mirrors; TONMO 'Living Photos: Giant Squid gallery'),2002,other,direct,medium,"I could not locate a primary scientific publication or contemporaneous institutional record for this event; the claim circulates almost entirely through secondary/tertiary sources, so date and measurements should be treated as unconfirmed.",none found
LIV-18,"On 7 October 2016 an immature female giant squid (105 kg) was photographed alive floating at ~3 m depth near the wharf at Bares, Galicia, and then stranded and died - published as the first record of a live giant squid stranding outside Japanese waters; the animal bore injuries the authors attributed to an agonistic encounter with a conspecific.",A,"Guerra, Gonzalez & Pierce, 'First record on stranding of a live giant squid Architeuthis dux outside Japanese waters', Ecology 99(9)",2018,peer-reviewed,direct,high,"The conspecific-fight interpretation of the injuries is an inference from wound patterns (category D), not an observed interaction.",10.1002/ecy.2073
LIV-19,"Living giant squid have occasionally been captured by fisheries: two living sub-adult females (180 and 135 cm mantle length; 148 and 81 kg) were caught ~34 miles off northern Spain in December 1999 and January 2001, with additional live captures in the area over the prior 15 years.",B,"Gonzalez et al., 'Recent findings of the giant squid Architeuthis in northern Spanish waters', J. Mar. Biol. Assoc. UK",2002,peer-reviewed,direct,high,"Animals were alive at capture but did not survive; the paper documents captures, not behavioral observation.",none found
LIV-20,"The first live captures of giant squid paralarvae were made by Steve O'Shea's team off New Zealand (expeditions in winter 2000 off the South Island west coast and summer 2001 off the east coast, partly filmed for a Discovery Channel documentary): live paralarvae ~9-13 mm were taken in plankton tows, but all died before reaching shore; no Architeuthis paralarva has been reared in captivity.",B,NIWA news item 'Chasing Giants: On the Trail of the Giant Squid'; New Zealand Geographic; O'Shea's own accounts,2001,other,direct,medium,"Documented mainly in institutional/press/documentary sources; exact counts, dates, and identification protocols for the 2001 captures are not in a primary paper I could access (but see the 2022 Marine Biodiversity description of NZ paralarval specimens).",none found
LIV-21,"A formal description of paralarval Architeuthis dux - five specimens of 6.7-8.8 mm mantle length from New Zealand waters, the smallest described for the species - was published in Marine Biodiversity in 2022, with comments on ontogenetic shifts in morphology and habitat.",B,"'Description of paralarval giant squid Architeuthis dux (Cephalopoda: Architeuthidae)...', Marine Biodiversity 52",2022,peer-reviewed,direct,medium,"I could not directly verify the author list (search summaries suggest O'Shea and long-time collaborators); specimen counts/sizes are from search-result summaries of the abstract, not the full text.",10.1007/s12526-022-01287-z
LIV-22,"On 20 April 2022 a ~3-m giant squid was found stranded but alive at Ugu beach, Obama City, Fukui Prefecture (Sea of Japan), and was filmed swimming weakly in the shallows; authorities planned to transfer it to the Echizen Matsushima Aquarium.",A,AFP video and Japanese municipal statements via WION/international press,2022,press,direct,medium,"Press-only documentation; I could not confirm the animal's ultimate fate (survival is highly unlikely given all precedents, but that is inference).",none found
LIV-23,"On 6 January 2023, diving instructors Yosuke and Miki Tanaka filmed a ~2.5-m giant squid while scuba diving off Toyooka City, Hyogo Prefecture (Sea of Japan); they described it as weak and sluggish, with slow fin/tentacle movement and skin peeling from the mantle.",A,AFP/Reuters coverage (Gulf News; ScienceAlert),2023,press,direct,high,"Press claims this was a 'world-first' scuba-diver video of a giant squid conflict with the 24 December 2015 Toyama Bay dive footage by Akinobu Kimura; the 2023 'first' framing should not be repeated uncritically. The animal was likely moribund, so observed locomotion is not representative.",none found
LIV-24,"In December 2025, video taken from a Japanese fishing boat (fisherman posting as @yonemorikouta) circulated showing a live, apparently healthy giant squid at the surface feeding on another squid (identified in coverage as a diamondback squid, Thysanoteuthis rhombus) - if verified, the first footage of Architeuthis feeding on natural prey.",A,Surfer.com/Adventure Sports Network coverage; Schneier on Security 'Friday Squid Blogging' (Dec 2025),2025,press,direct,low,"Social-media-origin footage with no scientific vetting located; exact date, location, species confirmation, and the animal's condition are unverified; no peer-reviewed or institutional analysis found as of August 2026.",none found
LIV-25,"The earliest well-documented claimed encounter with a living giant squid is that of the French aviso Alecton on 30 November 1861 near Tenerife: the crew attempted to capture a ~7.5-m squid at the surface, the body broke apart during hauling, and only the posterior portion was recovered; commander Frederic Bouyer's report was presented to the French Academy of Sciences.",E,"Bouyer's 1861 report, as recounted by the Mariners' Museum and standard secondary histories",1861,other,direct,medium,"Eyewitness account plus a fragment not preserved to modern standards; details (size, behavior) are unverifiable; included as 'first claimed', not first well-verified, live observation.",none found
LIV-26,"Environmental DNA has been developed as a non-visual means of detecting giant squid presence in the Sea of Japan ('Exploring a legendary giant squid: an environmental DNA approach', Marine Biology, 2020), complementing the rare direct observations.",C,Marine Biology 167 (2020),2020,peer-reviewed,direct,medium,"I verified only title, journal, and DOI via the journal landing link; specific detection results were not accessible, so no quantitative claim is made.",10.1007/s00227-020-03773-z
LIV-27,"COMPARISON POINT - NOT Architeuthis: the colossal squid (Mesonychoteuthis hamiltoni) was first confirmed alive in its natural habitat on 9 March 2025, when Schmidt Ocean Institute's ROV SuBastian filmed a ~30-cm juvenile at 600 m near the South Sandwich Islands from R/V Falkor (too) (Ocean Census expedition); identification was verified by independent experts including Kat Bolstad, and the footage was announced 15 April 2025, in the centenary year of the species' description.",A,Schmidt Ocean Institute press release 'First Confirmed Footage of a Colossal Squid'; Ocean Census; CNN/PBS coverage,2025,expedition report,direct,high,"Different species and family from Architeuthis dux - must not be conflated with any giant squid milestone; the animal was a juvenile, so adult colossal squid remain unobserved alive.",none found
LIV-28,No living giant squid filmed or photographed at depth has ever been directly measured: all reported sizes of live animals at depth are estimates (2004: >8 m extrapolated from a 5.5-m severed tentacle; 2012: ~3 m estimated visually with feeding tentacles missing; 2019: mantle length ~1.7 m estimated from video scaling).,D,Synthesis of Kubodera & Mori 2005 and Robinson et al. 2021 plus press accounts of the 2012 encounter,2004-2021,other,inferred,high,"Estimation methods differ across events (allometry vs visual reference), so the size series is not internally comparable.",none found
LIV-29,"No adult giant squid encountered alive has survived: the 2002 Kyoto animal died during capture, the 2006 Ogasawara female died as it was brought up, live-found Sea of Japan animals (2014-2015 influx and later coastal appearances) died or disappeared, and the 2016 Bares (Spain) female died on stranding; there has never been a giant squid in an aquarium.",B,Synthesis: Kubodera et al. 2018 (online 2016); Guerra et al. 2018; press records 2002-2023,2002-2023,other,inferred,high,"A few live-encountered animals (e.g., Toyama Bay 2015) were guided back to sea with unknown fates, so 'none survived' cannot be proven for released individuals; claim is best stated as 'none survived in captivity and most coastal live records ended in death'.",none found
LIV-30,"Direct observations of living Architeuthis therefore establish, with confidence, only the following behaviors: active tentacular strike and prey-tangling on bait (2004), sustained struggling and strong swimming while hooked (2004, 2006), active swimming while holding food and against current at 630-900 m (2012), metallic silver/gold live coloration at depth under artificial light (2012), stalking/tracking of a moving bioluminescent lure followed by attack and rapid retreat (2012, 2019), and ink-jetting/arm-wrapping defensive behavior at the surface (2015). Postures such as the oblique-arm 'cocked' hunting stance, vertical migration patterns, and natural prey-capture at depth remain undocumented by direct observation.",A,"Synthesis of Kubodera & Mori 2005, Robinson et al. 2021, and documented 2012/2015 footage",2004-2019,other,direct,high,"All deep observations are lure/bait-biased and brief (minutes); surface observations involve likely compromised animals; anything beyond the listed items (diet breadth, hunting from below, schooling, mating) is inference from indirect evidence, not observation.",none found
LIV-31,A 2026 systematic review ('Global Distribution of the Giant Squid Architeuthis dux: A Systematic Review with Special Focus on the Sea of Japan Hotspot') compiled 836 confirmed specimens/records through late 2025 and attributes the Sea of Japan cluster of live coastal appearances to a Tsushima Warm Current 'thermal trap' in which temperatures above ~15 C impair hemocyanin oxygen transport.,D,Systematic review posted to ResearchGate (journal of record not confirmed),2026,other,inferred,low,"Seen only as a ResearchGate listing dated June 2026; journal, peer-review status, authors, and DOI could not be verified from my network environment; the hemocyanin-temperature mechanism is a physiological inference, not an observation.",none found
SPE-01,"The genus and species name Architeuthus dux was published by Japetus Steenstrup in 1857 in 'Oplysninger om Atlanterhavets colossale Blaeksprutter', Forhandlinger ved de Skandinaviske Naturforskeres 7. Møde (1856): 182-185; the accepted name today is Architeuthis dux Steenstrup, 1857.",B,"Steenstrup 1857, via GBIF/WoRMS/MolluscaBase taxonomic records",1857,peer-reviewed,direct,high,"The original is a brief meeting-proceedings note in Danish; the fuller descriptions came later, and the availability/spelling (Architeuthus vs Architeuthis) has a messy nomenclatural history.",https://www.gbif.org/species/2290184
SPE-02,"The name-bearing (holotype) material of Architeuthis dux held at the Natural History Museum of Denmark (NHMD 77320) is from a specimen collected 5 November 1855 by Captain Vilhelm Hygom in the western Atlantic (~31.0 N, 76.0 W), and the museum's own record flags its type status as 'in doubt'.",B,NHMD Invertebrate Zoology Collection record NHMD77320,1855,museum record,direct,high,Direct fetch of the record was blocked by the network proxy; details were obtained via search-engine rendering of the collection page. The 'type status in doubt' annotation means the specimen basis of the 1857 name is not fully settled.,https://collections.snm.ku.dk/en/object/NHMD77320
SPE-03,"The lead's statement that Steenstrup's naming rested on 'a beak and earlier stranding accounts' conflates two names: the beak (buccal mass) salvaged from a large cephalopod stranded at Raabjerg, Denmark in December 1853 (animal otherwise cut up for bait) was the basis of Architeuthus monachus, now a junior subjective synonym of A. dux; A. dux itself is anchored to Hygom's 1855 Atlantic specimen.",B,"Salvador & Tomotani, 'The Kraken: when myth encounters science', Hist. Cienc. Saude-Manguinhos; MolluscaBase synonymy",2014,peer-reviewed,direct,medium,"Sources disagree on the authorship year of monachus (1857 in most literature; MolluscaBase renders it 'Steenstrup, 1860'), and some accounts state Steenstrup applied both names to overlapping material, creating a taxonomic problem resolved only later. I could not open the primary Danish texts to adjudicate.",https://www.scielo.br/j/hcsm/a/3f7pGvQSBQNC4kkC8MXsbQQ/?lang=en
SPE-04,"The oldest generally accepted stranding record of a giant squid is a carcass found at Thingore Sand (Thingøre), Iceland, in 1639, an account rediscovered and used as evidence by Steenstrup (from 1849 onward); no material from it survives.",B,"Salvador & Tomotani 2014, citing Steenstrup's historical work",1639 (event); 2014 (source),peer-reviewed,direct,medium,A 17th-century narrative account with no preserved specimen; species identity is inferred retrospectively and cannot be verified physically.,https://www.scielo.br/j/hcsm/a/3f7pGvQSBQNC4kkC8MXsbQQ/?lang=en
SPE-05,"In late 1873 fishermen at Logy Bay, Newfoundland netted a near-intact giant squid that Rev. Moses Harvey purchased and photographed draped over his sponge bath (the first photographs of an intact giant squid); reported measurements were mantle ~7 ft (2.1 m), arms ~6 ft, tentacles up to 24 ft (7.3 m), total length reported as ~30-32 ft (~9.1-9.8 m).",B,"Harvey's accounts and photograph annotated by A.E. Verrill; Verrill, Transactions of the Connecticut Academy 5 (as 'Architeuthis harveyi')",1873 (event); 1874-1881 (sources),expedition report,direct,medium,"19th-century measurements of a dead, manipulated specimen; totals of 30 ft vs 32 ft circulate in different retellings, and I could not open Verrill's original tables to fix the exact figures. The specimen was not preserved intact to modern standards.",https://archive.org/details/cephalopodsofnor02verr
SPE-06,"In October 1873 at Portugal Cove/Conception Bay, Newfoundland, fishermen (the Piccots) reportedly hacked off a tentacle from a live giant squid at the surface; the ~19-ft severed tentacle portion was given/sold to Moses Harvey, becoming one of the first pieces of giant squid material widely publicized in North America.",B,"Moses Harvey's contemporary accounts; retold in The Scientist, CBC, Globe and Mail histories",1873,press,direct,medium,"The encounter narrative (squid 'attacking' the boat) is anecdotal and embellished in retellings; only the tentacle fragment was physical evidence, and its measurement was made on detached, possibly stretched tissue.",none found
SPE-07,"The 'Thimble Tickle specimen' of 2 November 1878 (near today's Glovers Harbour, Newfoundland), long listed by Guinness World Records as the largest giant squid ever at 55 ft (16.8 m) total length with body 'from beak to tail' of 20 ft (6.1 m), rests entirely on a second-hand account in a letter by Rev. Moses Harvey to the Boston Traveller; no part was preserved, no photograph exists, and the animal was cut up for dog food.",E,"Harvey letter to Boston Traveller, as analyzed in Wikipedia/HandWiki specimen-list compilations and Atlas Obscura",1878,press,direct,high,"This is high confidence about the state of the evidence, not about the measurement: the 20-ft 'body' figure exceeds every scientifically verified mantle+head measurement from several hundred modern specimens, so modern authorities regard the numbers as exaggerated or affected by stretching.",https://en.wikipedia.org/wiki/Thimble_Tickle
SPE-08,"A.E. Verrill's monographs (Transactions of the Connecticut Academy of Arts and Sciences 5: 177-257, published in parts 1879-1881) were the first comprehensive scientific treatment of the Newfoundland giant squid series; the 1870s (c. 1871-1881) produced on the order of a dozen to dozens of Newfoundland records, and Aldrich (1968) argued Newfoundland strandings recur roughly every third decade beginning in the 1870s (with nine strandings 1961-1968, seven of them secured for study).",B,"Verrill 1879-1881; Aldrich 1968, Sarsia",1879,peer-reviewed,direct,high,Exact 1870s specimen counts vary by compiler ('more than a dozen' to 'dozens'); many 1870s records are sightings or fragments rather than measured specimens.,https://archive.org/details/cephalopodsofnor02verr
SPE-09,"The maximum total length appearing anywhere in the scientific literature is 17.37 m (Verrill, 1879), but McClain et al. (2015, PeerJ) determined that all length records above 12 m are not first-hand measurements, and concluded the longest scientifically verified giant squid total length is 12 m.",D,"McClain et al., 'Sizing ocean giants', PeerJ 3:e715",2015,peer-reviewed,direct,high,Even the 12-m figure depends on trusting the best historical first-hand measurements; McClain et al. themselves stress the poor provenance of the upper tail of the length distribution.,10.7717/peerj.715
SPE-10,"O'Shea & Bolstad (2008 TONMO fact sheet), based on examination of ~130 specimens plus beaks recovered from sperm whale stomachs, stated that giant squid mantle length is not known to exceed 2.25 m, that maximum total length measured post-mortem and relaxed is ~13 m for females and ~10 m for males, and that maximum weight is ~275 kg for females and ~150 kg for males.",D,"O'Shea & Bolstad, 'Giant Squid and Colossal Squid Fact Sheet', TONMO.com",2008,other,direct,high,"This is a widely cited expert web publication, not a peer-reviewed paper; the specimen basis is dominated by New Zealand material, and the '130 specimens' figure is as reported by secondary citations of the fact sheet (the lead's '~105' was not confirmed).",https://tonmo.com/articles/giant-squid-and-colossal-squid-fact-sheet.18/
SPE-11,"The 2025 ALCES Lab (Bolstad, AUT) update of the TONMO giant squid fact sheet gives revised maxima: total length at least 13 m and weight up to 300 kg for mature females with mantle length ~2.75 m, males ~10 m and ~200 kg - i.e., it raises the 2008 female mantle-length ceiling from 2.25 m to ~2.75 m and the male weight ceiling from 150 to ~200 kg.",D,"ALCES Lab / Bolstad, 'Architeuthis (Giant Squid) Factsheet (2025 ALCES Update)', TONMO.com",2025,other,direct,medium,"Gray literature; obtained via search-engine summaries because direct page fetch was blocked. The underlying data for the revision (which specimens pushed ML to ~2.75 m) were not visible to me; note this conflicts with the orchestrator's lead, which reflects only the 2008 numbers.",https://tonmo.com/articles/architeuthis-giant-squid-factsheet-2025-alces-update.90/
SPE-12,"Paxton (2016, Journal of Zoology, 'Unleashing the Kraken') statistically analyzed historical length and beak data and concluded: the longest reliably measured mantle length is 2.79 m (a Cook Strait, New Zealand specimen of May 1879); beaks from large bull sperm whale stomachs imply squid of at least 2.69 m ML (99.9% prediction interval 1.60-3.83 m); and given ML-to-total-length scaling, squid of 10 m standard length and even 20 m total length are 'eminently plausible'.",D,"Paxton, Journal of Zoology 300(2)",2016,peer-reviewed,direct,high,"The extrapolation inherits every defect of the historical dataset (stretched tentacles, non-standard measurements, second-hand reports); press coverage adds that his 99.9% prediction interval for total length of the largest-mantled squid spanned ~5.8-27.5 m, i.e., extremely wide. I could not open the full PDF to verify sample sizes per regression.",10.1111/jzo.12347
SPE-13,"Paxton's 2016 20-m claim was publicly rejected by giant squid specialists: Steve O'Shea capped plausible total length at ~15 m 'at the absolute, most generous upper end' and called the analysis 'complete nonsense, verging on literature pollution'; no formal peer-reviewed rebuttal or comment in Journal of Zoology could be located - the criticism circulates only in press interviews and blogs.",E,O'Shea quoted in National Geographic and Earth Touch News coverage of Paxton 2016,2016,press,direct,medium,"Expert opinion delivered via media, not a published analysis; my searches found no journal comment/reply, but absence of evidence here is not conclusive (paywalled comment sections could have been missed).",https://www.nationalgeographic.com/adventure/article/giant-squids-biggest-animals-science-oceans
SPE-14,"The key measurement confound behind giant historical lengths is post-mortem tentacle elasticity: the Lyall Bay (Wellington, NZ) specimen of 1887, described by T.W. Kirk (1888) as Architeuthis longimanus at 55 ft 2 in (16.8 m) total length, had a mantle of only ~1.8 m; the length was paced, not taped, and a female with 1.8 m ML measured relaxed by modern standards would total ~9.8 m (32 ft) - implying the tentacles had been grossly stretched.",D,"Kirk 1888 (Trans. NZ Institute), as reassessed by O'Shea/Bolstad and specimen-list compilations",1888,peer-reviewed,inferred,high,"The stretching explanation is a modern inference (no controlled study of how far Architeuthis tentacular tissue stretches post-mortem exists); the pacing detail comes from Kirk's own text as quoted by compilers, not read by me in the original.",none found
SPE-15,"Preservation also shrinks specimens: the Smithsonian's female giant squid (netted off Spain in 2005) was reported as 11 m (36 ft) long when alive/fresh but measures 7.6 m (25 ft) after preservation - a ~30% reduction - illustrating why fresh, post-mortem, and preserved lengths of the same animal can differ drastically.",B,"Smithsonian Ocean Portal, 'Female Giant Squid' / Sant Ocean Hall pages",2005,museum record,direct,medium,The 11-m fresh length is itself a reported (Spanish) measurement I could not trace to a primary publication; the direction and rough magnitude of preservation shrinkage is nonetheless well attested by the museum.,https://ocean.si.edu/ocean-life/invertebrates/female-giant-squid
SPE-16,"Size is routinely estimated from beaks via lower rostral length (LRL) allometry (e.g., Roeleveld 2000's relationship, reported as LRL = 11.2 x log10(DML) - 19.3, and Clarke 1986's handbook equations); Paxton (2016) argued Roeleveld's equation overestimates mantle length for large individuals.",D,Roeleveld 2000 ('Giant squid beaks: implications for systematics'); Clarke 1986; Paxton 2016,2000,peer-reviewed,direct,medium,"The equation form was obtained via secondary rendering (Science Friday/solong/Paxton citations), not from Roeleveld's paper directly; regression error at the large-size extreme is poorly constrained because few large animals with both beak and body measured exist.",none found
SPE-17,"The practical error of beak-based size estimation is large: for a single mutilated giant squid found off Reunion Island, Romanov et al. (2017) estimated dorsal mantle length from the same lower rostral length at anywhere between 2153 and 3060 mm depending on which published allometric equation was used (~40% spread), while still calling it the biggest giant squid reported for the region.",D,"Romanov et al., Journal of the Marine Biological Association of the UK",2017,peer-reviewed,direct,high,"Single-specimen demonstration; the true DML of that animal is unknown, so which equation is 'right' cannot be settled from this case.",https://www.cambridge.org/core/journals/journal-of-the-marine-biological-association-of-the-united-kingdom/article/giant-squid-architeuthis-dux-off-reunion-island-western-indian-ocean-the-greatest-giant-ever/B0D8F6C9F6BBF5C92E40DAE87560E832
SPE-18,"Guerra et al. (2011, Biological Conservation) compiled 677 giant squid specimens recorded worldwide since the 16th century, concentrated in the SW Pacific around New Zealand/Tasmania (183), off northern Spain (~152), Newfoundland (~148), and the SE Atlantic (Namibia/South Africa, >60). This corrects the orchestrator's lead figure of '~460'.",B,"Guerra, González, Pascual & Dawe, Biological Conservation 144",2011,peer-reviewed,direct,high,"Counts of 'specimens' mix strandings, floaters, bycatch, and whale-stomach material of very unequal evidentiary quality; regional attribution of the 152/148 figures was taken from a search rendering of the abstract and should be checked against the paper's table before quoting precisely.",https://www.sciencedirect.com/science/article/abs/pii/S0006320711001613
SPE-19,"Earlier and later counts bracket Guerra's 677: Guerra et al. (2004) worked from a verified worldwide report base in which the NE Atlantic's ~148 specimens were 26% (implying ~570 worldwide by 2004); Sweeney & Roper's Smithsonian compilation 'Records of Architeuthis Specimens from Published Reports' covered records through 1999; and a 2026 systematic review (Bari, Asian J. Fisheries & Aquatic Research) claims 836 confirmed specimens through late 2025.",B,"Guerra et al. 2004; Sweeney & Roper (Smithsonian, c. 2001); Bari 2026",2026,peer-reviewed,inferred,low,The 836 figure comes from a low-profile journal of uncertain rigor and could not be cross-checked; the Sweeney & Roper list's exact record count (often quoted as ~292) could not be verified; the ~570 figure is my arithmetic from Guerra 2004's stated percentage and should be treated as approximate.,https://consensus.app/papers/details/e442501b7d76555e87905800ebc091dd/
SPE-20,"Förch (1998), 'The marine fauna of New Zealand: Cephalopoda: Oegopsida: Architeuthidae', NIWA Biodiversity Memoir 110 (113 pp.), is the standard specimen-based monograph for New Zealand; she examined 16 NZ specimens in detail and documented very high inter-individual variability in external and internal morphology, undermining the many nominal species erected on single stranded specimens.",B,"Förch, NIWA Biodiversity Memoir 110",1998,book,direct,high,Predates the large NZ specimen influx studied by O'Shea (1996-2003); the memoir's full NZ record tally beyond the 16 examined specimens was not visible to me.,ISBN 9780478084474
SPE-21,"Kubodera et al. (2018) documented an extraordinary 57 giant squid in Japanese coastal waters of the Sea of Japan between January 2014 and March 2015 (28 found alive), falling into two size groups: 80-160 cm dorsal mantle length (mode 110 cm, sex ratio ~equal) and >160 cm DML, the latter comprised entirely of females.",B,"Kubodera et al. (2018; online 2016), Marine Biodiversity 48:1391-1400 (co-author list unconfirmed)",2018,peer-reviewed,direct,high,"Regional sample; the absence of males >160 cm DML is consistent with, but does not by itself prove, a universal male size ceiling.",10.1007/s12526-016-0618-7
SPE-22,"Sexual size dimorphism is pronounced and female-biased: mature NE Atlantic males measured 98 cm ML at 42 kg (2002) and 122 cm ML at 66 kg (2003) (Guerra et al. 2004), whereas live-caught subadult females off northern Spain already reached 180 cm ML at 148 kg and 135 cm ML at 81 kg (Gonzalez et al. 2002); all Sea of Japan animals over 160 cm DML were female (Kubodera et al. 2018).",B,Guerra et al. 2004 (JMBA UK); Gonzalez et al. 2002 (JMBA UK); Kubodera et al. 2018,2004,peer-reviewed,direct,high,"Mature males are rare in collections (the two Iberian males were the first from that region), so the male maximum (150 kg per O'Shea 2008 vs ~200 kg per ALCES 2025) is weakly constrained.",https://www.cambridge.org/core/journals/journal-of-the-marine-biological-association-of-the-united-kingdom/article/abs/records-of-giant-squid-in-the-northeastern-atlantic-and-two-records-of-male-architeuthis-sp-off-the-iberian-peninsula/0FBE7C25CFAD9C98B6D4179F9AEEB541
SPE-23,"Maximum mass claims disagree and must not be averaged: Guinness World Records lists the heaviest entire giant squid specimen on record at ~220 kg (485 lb); O'Shea & Bolstad (2008) estimated a female maximum of ~275 kg; the ALCES 2025 update says 'up to 300 kg'; the Smithsonian's public page says the largest recorded 'may have weighed nearly a ton'; press for the 2005 Melbourne Aquarium specimen reported 240 kg. Half-tonne-and-above weights belong to the colossal squid (Mesonychoteuthis, 495 kg), not Architeuthis.",B,Guinness World Records 'Largest cephalopods'; O'Shea & Bolstad 2008; ALCES 2025; Smithsonian Ocean; ABC News (Australia),2008,other,direct,medium,"The 220-kg Guinness figure's underlying specimen was not identified in my sources; the Smithsonian 'nearly a ton' phrasing echoes old, unverified 19th-century estimates and conflicts with every modern weighed specimen; treat all >300 kg figures for Architeuthis as unsupported.",https://www.guinnessworldrecords.com/world-records/716793-largest-cephalopods
SPE-24,"'Archie', the Natural History Museum London specimen: a female Architeuthis dux 8.62 m long, taken alive in a bottom trawl at ~220 m depth by the Falklands-registered trawler John Cheek on 15 March 2004 off the Falkland Islands, preserved whole in formol-saline in a custom ~9 m acrylic tank in the Darwin Centre Spirit Collection; it is the museum's largest fluid-preserved specimen (acquisition documented by curator Jon Ablett, NatSCA News 23: 16-20, 2012).",B,"Ablett, 'The Giant Squid... The Making of an Iconic Specimen', NatSCA News 23; NHM London; Mercopress",2004,museum record,direct,high,"The 8.62 m figure is the post-capture measured length of a fresh-frozen then preserved animal; sources uniformly agree on it, but I could not open the NHM's own page (proxy-blocked) to confirm current display wording.",https://www.natsca.org/sites/default/files/publications/NatSCA%20News%20Issue%2023-1.pdf
SPE-25,"In December 2005 the Melbourne Aquarium (not Melbourne Museum, correcting the lead) paid A$100,000 for an intact giant squid caught by fishermen off New Zealand's South Island, displayed frozen in a block of ice; press descriptions conflict on its size (7 m 'intact body' in one account; 'six metre long, 240 kilogram' in ABC's 2008 report, which said it would eventually go to Melbourne Museum).",B,ABC News (Australia) 2008; Reef Builders 2007; TONMO threads,2005,press,direct,medium,"Press-only figures; the 6 vs 7 m discrepancy is unresolved, and I did not verify Museums Victoria's final accession of this animal.",https://www.abc.net.au/news/2008-06-03/giant-squid-frozen-in-ice-block/2457596
SPE-26,"The Smithsonian NMNH displays two giant squid in the Sant Ocean Hall: the female netted off Spain in 2005 (7.6 m preserved; >150 kg when alive) and a male ~2.7 m (9 ft) as displayed, ~45.5 kg, found off Spain and on long-term loan from CEPESMA (Spain).",B,Smithsonian Ocean Portal / Smithsonian Magazine 'Operation Calamari',2008,museum record,direct,medium,"The male's 2.7 m as-displayed length likely excludes full tentacle extension (males reach ~10 m TL); Smithsonian pages give display lengths, not standardized morphometrics.",https://ocean.si.edu/ocean-life/invertebrates/giant-squid
SPE-27,"The CEPESMA collection in Luarca, Asturias (Museo/Centro del Calamar Gigante, opened 2010) held eleven Architeuthis dux specimens plus three Taningia danae and was described as the world's largest giant squid collection; the museum building was destroyed by a storm in February 2014 and reopened at a new site on 15 July 2022.",B,Wikipedia/Encyclopedia MDPI entries on Museo del Calamar Gigante; Turismo Asturias,2014,other,direct,medium,How many specimens were lost vs salvaged in the 2014 storm is not specified in accessible sources; specimen-level accession data were not obtainable.,https://en.wikipedia.org/wiki/Museo_del_Calamar_Gigante
SPE-28,"Winkelmann et al. (2013) sequenced mitochondrial genomes of 43 Architeuthis samples from across the global range and found exceptionally low genetic diversity with no geographic structure, supporting a single worldwide species, A. dux - meaning the entire historical specimen record (with its ~20 nominal species like monachus, harveyi, longimanus, clarkei) refers to one species, and inter-specimen morphological differences largely reflect condition and post-mortem change.",D,"Winkelmann et al., Proceedings of the Royal Society B 280: 20130273",2013,peer-reviewed,direct,high,"Mitochondrial-only evidence; nuclear draft genome work (2020) has not contradicted the single-species conclusion, but formal synonymy rests on this plus morphological arguments (Förch 1998; Roper & Shea 2013).",10.1098/rspb.2013.0273
SPE-29,"Robson (1933) described Architeuthis clarkei from a specimen stranded at Scarborough, Yorkshire in January 1933 - an example of the era's practice of naming new species from single strandings; it is now regarded as a synonym of A. dux.",B,"Robson, 'On Architeuthis clarkei, a new species of giant squid', Proc. Zool. Soc. London",1933,peer-reviewed,direct,high,"Synonymy is the modern consensus view, not something Robson's paper itself establishes.",https://consensus.app/papers/details/ae2e016c558b5afb96c1841505200fd5/
SPE-30,"Beak-increment ageing (Perales-Raya et al. 2020) of 10 specimens with reconstructed mantle lengths of 823-1418 mm gave ages of ~411-674 days assuming daily increments, implying very rapid growth (~1.97 mm DML/day) and, extrapolated to the largest literature mantle length they cite (2400 mm DML), a maximum age of roughly 3 years - i.e., giant squid apparently reach their enormous size in only a few years.",D,"Perales-Raya et al., Bulletin of Marine Science 96",2020,peer-reviewed,direct,medium,"Daily deposition of beak increments is assumed, not validated for Architeuthis; note their 'largest measured in the literature' (2400 mm DML) differs from Paxton's 'longest reliably measured' 2790 mm - the two papers apply different reliability filters.",none found
SPE-31,"The best-supported summary of adult size, holding the credible sources side by side without averaging: longest scientifically verified total length 12 m (McClain et al. 2015); expert consensus maximum TL ~13 m for females measured relaxed post-mortem (O'Shea & Bolstad 2008; ALCES 2025); largest reliably measured mantle length 2.79 m per Paxton 2016 vs a 2.25 m (2008) or ~2.75 m (2025) ceiling per O'Shea/Bolstad; statistically extrapolated possible TL up to ~20 m (Paxton 2016, disputed); historical claims of 16.8-17.4 m (Thimble Tickle 1878, Lyall Bay 1887) considered artifacts of stretching, pacing, and second-hand reporting.",D,Synthesis of McClain et al. 2015; O'Shea & Bolstad 2008/2025; Paxton 2016; Kirk 1888; Harvey 1878,2016,peer-reviewed,inferred,high,This is a synthesis finding assembled by this audit; each component number carries the limitations listed in its own finding.,10.7717/peerj.715
TAX-01,"The giant squid genus and species Architeuthis dux was established by Japetus Steenstrup; the account was presented in 1849 and the name is conventionally dated 1857, published as 'Oplysninger om Atlanterhavets colossale Blaeksprutter' (Forhandlinger ved de Skandinaviske Naturforskeres Møde 7: 182-185); the Natural History Museum of Denmark holds material catalogued as holotype with 'type status in doubt'.",B,Steenstrup 1857; NHMD Invertebrate Zoology Collection; MolluscaBase/WoRMS,1857,museum record,direct,medium,Original Danish text not opened in this audit; the 1849-lecture vs 1857-publication nuance and doubtful type status mean the nomenclatural anchor is weaker than usually presented.,"NHMD catalogue objects NHMD141565, NHMD77320"
TAX-02,"As many as 21 nominal species of Architeuthis (or synonymized genera) have been described since 1857; counts differ by author (Roeleveld & Lipinski 1991 cite 18 nominal species), and nominal taxa were erected in several genera later synonymized, e.g. Megaloteuthis harveyi Kent 1874, Mouchezis sanctipauli Vélain 1877, Megateuthis martensii Hilgendorf 1880, Dubioteuthis physeteris Joubin 1900, plus Architeuthis clarkei, hartingii, japonica, kirkii, longimanus, monachus, nawaji, physeteris, princeps, stockii and others.",B,Winkelmann et al. press summary (phys.org 2013); Roeleveld & Lipinski 1991; Tree of Life Architeuthidae Taxa page; WoRMS synonymy,2013,peer-reviewed,direct,medium,"The '21' figure circulates via the 2013 study's press coverage; I could not open the paper's introduction to confirm its exact wording. Different compilations count 18-21 depending on whether nomina nuda and non-Architeuthis genera are included. Many nominal species rest on incomplete remains (beaks, arms, sucker fragments).",http://tolweb.org/accessory/Architeuthidae_Taxa?acc_id=1798
TAX-03,"Nesis (1982/1987) recognized three provisionally valid species partitioned by ocean: A. dux (North Atlantic), A. martensi (North Pacific), A. sanctipauli (Southern Ocean), while conceding they were not well defined or differentiated.",D,"Nesis 1982/1987, as summarized on Tree of Life and CephRef Architeuthis dux pages",1987,book,direct,medium,"Secondary transmission; Nesis's original text not consulted. The three-species scheme was geographic convenience, not diagnosable morphology.",http://tolweb.org/Architeuthis_dux/19408
TAX-04,"The modern consensus is a single global species, Architeuthis dux Steenstrup, 1857: WoRMS/MolluscaBase list it as the only accepted species of the genus, Förch's (1998) morphological revision found no basis for multiple species, and Winkelmann et al. (2013) found no mitochondrial differentiation worldwide.",D,WoRMS/MolluscaBase (AphiaID 342218); Förch 1998; Winkelmann et al. 2013,2013,peer-reviewed,inferred,high,Consensus rests on morphology plus mitochondrial DNA only; a nuclear population-genomic test of global panmixia has not been published to my knowledge.,https://www.marinespecies.org/aphia.php?p=taxdetails&id=342218
TAX-05,"Robson (1933) described Architeuthis clarkei from a specimen stranded at Scarborough, Yorkshire in January 1933 (Proceedings of the Zoological Society of London 1933(3): 681-697; holotype parts NHMUK 1933.1.30.5) — an example of a nominal species erected on a single stranded specimen, and a documented British Isles (North Sea coast) record.",B,"Robson, Proceedings of the Zoological Society of London",1933,peer-reviewed,direct,high,Name now synonymized with A. dux; original paper seen only via abstract/indexes.,10.1111/j.1096-3642.1933.tb01614.x
TAX-06,"Winkelmann et al. (2013), Proceedings of the Royal Society B 280(1759), article 20130273, sequenced mitochondrial genomes from 43 Architeuthis tissue samples collected across the species' range and found no detectable phylogenetic/population structure at the mitochondrial level.",D,"Winkelmann et al., Proc. R. Soc. B",2013,peer-reviewed,direct,high,mtDNA is a single maternally inherited locus; absence of mtDNA structure does not by itself prove demographic panmixia.,10.1098/rspb.2013.0273
TAX-07,Winkelmann et al. (2013) reported exceptionally low mitogenome nucleotide diversity; secondary sources give pi = 0.00035 (described as roughly 44x lower than Dosidicus gigas) and press coverage stated the 43 mitogenomes differed at only 181 positions.,D,Winkelmann et al. 2013 (abstract) plus secondary summaries (phys.org; Grokipedia-derived search summaries),2013,peer-reviewed,direct,low,"'Exceptionally low' is verbatim from the abstract (verified), but the specific pi = 0.00035, the 44x comparison, and the 181-site figure could not be verified against the paper's own text in this audit (full text unreachable through the network proxy); the pi trail partly runs through AI-generated tertiary sources. Treat exact numbers as unconfirmed pending direct reading.",10.1098/rspb.2013.0273
TAX-08,"Winkelmann et al. (2013) interpreted their results as consistent with (i) a single global species, (ii) high vagility with dispersal via a drifting paralarval stage and migration of larger individuals, and (iii) a recent population expansion OR a selective sweep as alternative explanations of the low diversity — the expansion-vs-sweep ambiguity is stated by the authors themselves.",D,"Winkelmann et al., Proc. R. Soc. B (abstract, verified verbatim via Consensus)",2013,peer-reviewed,direct,high,These are model-based inferences from one mitochondrial locus; timing and effective-population-size estimates were not verifiable in this audit.,10.1098/rspb.2013.0273
TAX-09,"The 43 Winkelmann et al. samples came from strandings, floating carcasses, fishery/trawl bycatch and sperm-whale stomach remains, with origins including Australia, New Zealand, Japan, Spain and Florida (USA), and collaborators contributing material from Australia, New Zealand, Japan, Spain, Portugal, USA and Ireland; one sequenced specimen was trawled by the Falkland-registered vessel John Cheek (15 March 2004, 220 m).",B,phys.org press release quoting the study; Science (AAAS) news coverage; NatSCA account of the NHM Falklands specimen,2013,press,direct,medium,"Per-region sample counts are in the paper's electronic supplement (Table S1), which I could not open; the country list is from reputable press coverage of the study, not the supplement itself.",https://phys.org/news/2013-03-scientists-peek-giant-squid-gene.html
TAX-10,"da Fonseca et al. (2020, GigaScience 9(1): giz152) published a draft nuclear genome of A. dux: final assembly ~2.7 Gb (matching the estimated genome size), scaffold N50 4.8 Mb, 33,406 annotated protein-coding genes, BUSCO completeness ~92%, repeat content 49.17%; it is a single-individual resource paper and performed no population-structure analysis, while describing the species' distribution as circumglobal in the deep ocean except high Arctic and Antarctic waters.",B,"da Fonseca et al., GigaScience",2020,peer-reviewed,direct,high,"Assembly statistics verified from the abstract; conclusions about gigantism/deep-sea adaptation are framed as enabled future work, not results. Adds no direct evidence on population structure beyond the 2013 mtDNA study.",10.1093/gigascience/giz152
TAX-11,"Newfoundland is one of the densest documented record areas: a famous stranding cluster occurred c. 1870-1881 (basis of Verrill's nominal species and local specimens such as Thimble Tickle 1878), Aldrich (1991) analyzed Newfoundland-water specimens in detail, and Guerra et al. (2011) tallied 148 specimens for Newfoundland.",B,"Aldrich, Bulletin of Marine Science 49: 457-481; Guerra et al., Biological Conservation 2011; Heritage NL",1991,peer-reviewed,direct,high,The 148 count is a compilation figure whose inclusion criteria I could not audit; 19th-century records vary in reliability.,none found
TAX-12,"Norway has roughly 30 documented A. dux records, with strandings mostly in autumn/winter between 62 and 70 degrees N, often associated with storms; notable records include the 1954 Ranheim (Trondheimsfjord) specimen and a live animal taken at Radoy near Bergen on 23 August 1982 whose blood enabled Brix's physiology work.",B,'Cephalopods in the Norwegian Sea' review (via ResearchGate summary); Brix 1983; Smithsonian Ocean,1983,peer-reviewed,direct,medium,The ~30 count comes from a review I could not open directly (authorship/year not pinned down); count will have grown since. The 1680 Helgeland 'beaching' is a pre-Linnaean anecdote (category E) and is excluded from the count claim.,10.1038/303422a0
TAX-13,"Brix (1983, Nature 303: 422-423) measured a fourfold decrease in oxygen affinity of Architeuthis blood (hemocyanin) between 6.4 and 15 degrees C and proposed that giant squid entering warm water may suffocate — a physiological mechanism offered as a hypothesis for why strandings correlate with warm-water inflows (e.g. Norway, Newfoundland).",D,"Brix, Nature",1983,peer-reviewed,inferred,high,The blood measurement is direct; the extension to explaining strandings is an inference from a single specimen's blood chemistry and remains a hypothesis.,10.1038/303422a0
TAX-14,"Iceland has documented records, the earliest being a carcass ashore at Thingeyrarsandur (Thingore Sand), north Iceland, in 1639 — widely cited as the earliest reasonably documented giant squid stranding, and one of the accounts Steenstrup drew on.",B,Steenstrup's accounts as relayed by Smithsonian/NASA 'Ocean Planet' profile of C. Roper and Icelandic natural-history sources,1639,other,direct,medium,A 17th-century record verified only through later scholarly retelling; no physical specimen survives. 'First claimed' rather than physically verifiable.,none found
TAX-15,"Ireland has about seven records since 1673: the first was landed at Dingle in 1673; three mature males (ML 975-1084 mm) were trawl-bycaught west of Ireland April-June 1995 and described by Lordan, Collins & Perales-Raya (1998, JMBA 78: 903-917); two further specimens were trawled off Dingle/Porcupine Bank in May and July 2017.",B,"Lordan, Collins & Perales-Raya, JMBA; Irish Times/RTE press for 2017",1998,peer-reviewed,direct,high,The 'seven total' tally is from press; the 1673 record is historical anecdote transmitted through compilations.,JMBA 78: 903-917 (Cambridge article B56390D521559E5E13821F886F30126D)
TAX-16,"Guerra & González (2004, JMBA) reviewed north-eastern Atlantic records and found 115 specimens, i.e. 33.9% of worldwide Architeuthis reports then known, came from the NE Atlantic; the paper also reported the first two males recorded off the Iberian Peninsula.",B,"Guerra & González, Journal of the Marine Biological Association UK",2004,peer-reviewed,direct,medium,"Implies a worldwide denominator of ~339 records circa 2004, which conflicts with other totals (see record-totals finding); percentages depend on inclusion criteria I could not audit.",Cambridge article 0FBE7C25CFAD9C98B6D4179F9AEEB541
TAX-17,"Northern Spain (Bay of Biscay: Asturias/Cantabria/Galicia, including the Carrandi fishing ground area) is a NE Atlantic hotspot: 60 stranding records were registered 1962-2016 (~1 per year); two living subadult females were captured 34 miles offshore in December 1999; and on 7 October 2016 an immature female (~105 kg) stranded alive at Bares, Galicia — reported by Guerra, González & Pierce (2018, Ecology 99: 755-757) as the first documented live stranding outside Japanese waters.",B,"Guerra, González & Pierce, Ecology; 'Recent findings of the giant squid Architeuthis in northern Spanish waters' (JMBA)",2018,peer-reviewed,direct,high,I could not directly verify the CEPESMA (Luarca) collection inventory or that specific specimens are labeled 'Carrandi'; the Carrandi ground association comes from Spanish regional literature not independently opened here.,10.1002/ecy.2073
TAX-18,"In autumn 2001 (five animals) and autumn 2003 (four to five animals) anomalous clusters of giant squid stranded on the Asturias coast within days to weeks, coinciding in time and place with geophysical seismic surveys using compressed airguns (<100 Hz); Guerra et al. (2004, ICES CM 2004/CC:29) reported acute tissue damage and proposed acoustic impact as the cause.",B,"Guerra et al., ICES Annual Science Conference paper CC:29 (via Tethys/PNNL record and derivative literature)",2004,other,direct,medium,"The strandings and necropsy findings are specimen-based; the causal attribution to airguns is a contested hypothesis based on temporal-spatial coincidence, published in a conference paper rather than a fully peer-reviewed venue. A separate 2016 Marine Biodiversity Records note reported a dead A. dux found from an operating seismic vessel, again correlational.",https://tethys.pnnl.gov/publications/review-records-giant-squid-north-eastern-atlantic-severe-injuries-architeuthis-dux
TAX-19,"The Mediterranean has exactly one published Architeuthis record: a 1495 mm mantle-length female stranded at Fuengirola beach (Alboran Sea, southern Spain, near the Strait of Gibraltar), reported by González et al. (2000, JMBA) and interpreted as probably transported in from the Atlantic rather than evidence of a Mediterranean population.",B,"Gonzalez, M.C., Fernandez-Casado, M., et al., J. Mar. Biol. Assoc. UK 80 (NOT the Vigo group; first-author corrected by verification pass); restated by Roper & Shea 2013",2000,peer-reviewed,direct,high,Position just inside Gibraltar makes it weak evidence for Mediterranean habitat; absence elsewhere in the Mediterranean is consistent with genuine absence but also with low deep-water fishing/stranding detection in the basin.,Cambridge article S0025315400002630
TAX-20,"For Portugal, the strongest documented material in this audit is from the Azores: in stomach contents of 17 sperm whales taken 1981-1984, Architeuthidae contributed 12.1% of estimated cephalopod mass (Clarke and co-workers' Azores diet study); no dedicated mainland-Portugal stranding paper was located, though Portuguese collaborators contributed samples to Winkelmann et al. (2013).",B,"Clarke, Martins & Pascoe, 'The Diet of Sperm Whales off the Azores'",1993,peer-reviewed,direct,medium,Whale-stomach beak identifications are robust at family level but individual counts/sizes are reconstruction-dependent; mainland Portuguese records may exist in compilations I could not open (Sweeney & Roper 2001).,none found
TAX-21,"Southern Africa (South Africa and Namibia) is a documented region: Roeleveld & Lipinski (1991, Journal of Zoology 224: 431-477) described three specimens in detail and reviewed the genus; Guerra et al. (2011) tallied more than 60 records for the south-east Atlantic (Namibia plus South Africa); Hoving et al. (2004, J. Zool.) later described reproductive anatomy from additional South African specimens.",B,"Roeleveld & Lipinski, Journal of Zoology; Guerra et al. 2011",1991,peer-reviewed,direct,high,How many of the >60 SE Atlantic records are specifically Namibian could not be broken out in this audit.,10.1111/j.1469-7998.1991.tb06036.x
TAX-22,"Australia is documented mainly from Tasmania (strandings/records in 1986, 1991, 2002, 2007 and January 2024 at Ocean Beach near Strahan; Museums Victoria holds a specimen from off Sandy Cape, Tasmania, collected 26 January 2001), whereas Western Australia had only two specimen records before 2026.",B,Museums Victoria specimen 664297; Australian Museum; press compilations,2024,museum record,direct,medium,Tasmanian stranding-year list is press-derived; I did not locate a single peer-reviewed Australian compilation. Guerra et al. (2011) lump Tasmania with New Zealand (183 specimens SW Pacific).,https://collections.museumsvictoria.com.au/specimens/664297
TAX-23,"A 2026 eDNA survey of the Cape Range and Cloates submarine canyons (Ningaloo, Western Australia; 178 water samples to 4,540 m) detected Architeuthis dux DNA in six samples — reported as the first eDNA record for Western Australia and the northernmost confirmed record of the species in the eastern Indian Ocean.",C,"'Environmental DNA Reveals Diverse and Depth-Stratified Biodiversity in East Indian Ocean Submarine Canyons', Environmental DNA",2026,peer-reviewed,direct,medium,"eDNA demonstrates presence of DNA, not a specimen; assay specificity and possible transport of DNA by currents/predator feces are standard caveats. Author list not captured in this audit.",10.1002/edn3.70261
TAX-24,"New Zealand is a global record hotspot: Förch (1998) produced a 113-page NIWA Biodiversity Memoir (110) on NZ Architeuthidae; four giant squid washed onto Cook Strait beaches between 1879 and 1887 (T.W. Kirk described NZ material, source of nominal species A. stockii and A. longimanus); Guerra et al. (2011) count 183 specimens for the SW Pacific (NZ plus Tasmania); Te Papa-associated work reports over 100 NZ specimens examined, many from Chatham Rise trawl bycatch.",B,"Förch, NIWA Biodiversity Memoir 110; Guerra et al. 2011; Te Papa Collections Online; Te Ara Encyclopedia",1998,peer-reviewed,direct,high,One search summary said Förch 'examined 16 specimens' — unverified against the memoir itself and possibly an undercount of records listed vs specimens measured. The famous '20 m Lyall Bay 1880' length is unreliable (likely stretched tentacle measurement) and is not treated as fact here.,ISBN 0478084471
TAX-25,"Japan (Ogasawara Islands): Kubodera & Mori obtained the first still photographs of a live giant squid in its natural habitat (~900 m, off Chichijima, September 2004), published 2005 in Proceedings of the Royal Society B ('First-ever observations of a live giant squid in the wild') — a category-A distribution datum for subtropical NW Pacific waters.",A,"Kubodera & Mori, Proc. R. Soc. B",2005,peer-reviewed,direct,high,Depth and date details taken from general knowledge of the paper plus its verified title/venue; exact figures not re-read from the paper in this audit.,10.1098/rspb.2005.3158
TAX-26,"Sea of Japan influx: 57 giant squid were documented in Japanese coastal waters of the Sea of Japan between January 2014 and March 2015 (28 found alive; 19 beached/floating near shore, 28 in fixed nets at 50-150 m, 10 in bottom trawls/gillnets at 200-300 m), concentrated around Sado Island and Toyama Bay; Kubodera et al. (2018, Marine Biodiversity; online 2016) proposed the Sea of Japan acts as a large 'natural trap' for squid entering via the Tsushima Strait — a hypothesis; separately, first records of small young A. dux were reported from Kyushu and the SW Sea of Japan (Marine Biodiversity Records, 2015).",B,"Kubodera et al., Marine Biodiversity 48 (2018; online 2016; co-author list unconfirmed); Wada et al. 2015, Marine Biodiversity Records",2018 (online 2016),peer-reviewed,direct,high,The 'natural trap'/warm-current mechanism is explicitly a hypothesis; whether 2014-15 reflects a real density anomaly vs reporting effort is partly unresolved.,10.1007/s12526-016-0618-7
TAX-27,"Environmental DNA of A. dux was detected in the western Sea of Japan using a species-specific qPCR primer-probe assay, in winter but not summer, matching the seasonal pattern of physical records (Wada et al. 2020, Marine Biology, 'Exploring a legendary giant squid: an environmental DNA approach').",C,"Wada et al., Marine Biology",2020,peer-reviewed,direct,high,"Seasonal negative results could reflect detection limits (depth of sampling, DNA decay in warm water) rather than true absence in summer.",10.1007/s00227-020-03773-z
TAX-28,"Hawaii has at least one documented specimen: a partial Architeuthis (tentacle length 3.4 m, mantle estimated ~0.9 m, total ~4.3 m) collected in Hawaiian waters in August 2007, reported by Cascadia Research Collective.",B,"Cascadia Research Collective, 'Hawaiian Pelagic Cephalopods' web page",2007,other,direct,low,"Institutional web page, not peer-reviewed; I found no formal publication or museum accession number for this specimen. Hawaii otherwise remains near-absent from the specimen record.",https://cascadiaresearch.org/hawaii/hawaiian-pelagic-cephalopods/
TAX-29,"Gulf of Mexico: the first documented specimen was collected in 1954, found floating dead off the Mississippi Delta; the second, a 103 lb (~5.9 m) animal, was trawled at >1,500 ft depth off Louisiana on 30 July 2009 by NOAA Ship Gordon Gunter during the MMS Sperm Whale Acoustic Prey Study and deposited at the Smithsonian NMNH; Roper et al. (2015, American Malacological Bulletin 33: 78-88) compiled recent western North Atlantic records from Newfoundland to the Gulf of Mexico.",B,"Roper et al., American Malacological Bulletin; NOAA/MMS press releases; Smithsonian Insider",2015,peer-reviewed,direct,high,The 1954/2009 details are from agency press material consistent with the 2015 compilation; the compilation's full record table was not opened.,10.4003/006.033.0116
TAX-30,"South-west Atlantic: a near-complete 8.62 m female ('Archie') was trawled alive by the Falkland-registered trawler John Cheek on 15 March 2004 at 220 m off the Falkland Islands and is preserved at the Natural History Museum, London; off Brazil, Martins & Perez (2009, Zoologia 26(4)) reported a mature female carcass (ML 116 cm) found floating at 28d05'S 45d35'W in August 1999 — the third Brazilian and eighth SW Atlantic record at the time.",B,"Martins & Perez, Zoologia (Curitiba); NHM London/NatSCA account of the Falklands specimen",2009,peer-reviewed,direct,high,Some Falklands details (exact position wording) differ slightly between press accounts (NW of Port Stephens vs SW of Weddell Island); an earlier 'first Brazilian record' exists in Boletim do Instituto de Pesca (not dated in this audit).,https://www.scielo.br/j/zool/a/xjFGFx3qPRz7qw9cttXWdDq/
TAX-31,"Southern/western Indian Ocean: Cherel (2003, JMBA 83: 1295-1296) documented A. dux from lower beaks in stomachs of sleeper sharks caught in Kerguelen waters (47-48d S) and in food samples of albatrosses breeding at Kerguelen and Crozet — extending documented occurrence into subantarctic waters; a large freshly dead A. dux was later reported off Reunion Island (JMBA, published c. 2017-2018), and the type locality of the nominal 'sanctipauli' is St. Paul Island (Velain 1877).",B,"Cherel, Journal of the Marine Biological Association UK",2003,peer-reviewed,direct,high,"Beak-based records depend on beak identification and on where the predator ate (sharks/albatrosses range widely), so the 47-48d S waters are approximate for the squid itself; the Reunion paper's authors/measurements were not fully verified (one summary's '3060 mm mantle length' looks implausible and may be a misparse).",Cambridge article S0025315403008695
TAX-32,"Eastern Pacific: the first record of Architeuthis from the eastern Pacific was a 45 mm mantle-length juvenile taken from the stomach of a lancetfish (Alepisaurus ferox) off Chile, described with a 57 mm ML juvenile from off Madeira by Roper & Young (1972, Proc. Biol. Soc. Washington 85: 205-222) — the first juveniles known for the genus; no documented Peruvian specimen record was found in this audit.",B,"Roper & Young, Proceedings of the Biological Society of Washington",1972,peer-reviewed,direct,high,A lancetfish-stomach juvenile fixes presence only approximately in space; the near-absence of adult records off Chile/Peru may reflect sampling and the competing abundance of Dosidicus in fisheries attention.,BioStor reference 83317
TAX-33,"Latitudinal pattern: the documented record is circumglobal in temperate deep waters, with records absent from the high Arctic and Antarctic and rare at tropical low latitudes; however, the record is generated almost entirely by strandings, fisheries bycatch and predator stomachs, so apparent tropical scarcity and polar absence are only as solid as the very uneven sampling — subantarctic beak evidence to 47-48d S already blurs the southern boundary, and eDNA has now added records at ~22d S off Western Australia.",D,da Fonseca et al. 2020 (distribution statement); Roper & Shea 2013; Cherel 2003; Environmental DNA 2026,2020,peer-reviewed,inferred,medium,No systematic survey design underlies the global map; 'absence' claims are inference from absence of opportunistic evidence. Tropical deep waters are poorly sampled by the gear and stranding-detection networks that produce records.,10.1093/gigascience/giz152
TAX-34,"Strandings cluster in time and space in the documented record — Newfoundland c. 1870-1881 and again 1961-68, Cook Strait (NZ) 1879-1887, Asturias autumn 2001 and 2003, Sea of Japan winter 2014-15 — and all proposed explanations remain hypotheses: Aldrich's ~30-year Labrador Current periodicity (his 1960s prediction was borne out but the mechanism is untested), Brix's warm-water hypoxia mechanism, Wada's Tsushima Warm Current 'natural trap', and Guerra's seismic-survey acoustic-injury hypothesis.",D,Aldrich 1968 Sarsia 34 / Aldrich 1991; Brix 1983; Wada et al. 2016; Guerra et al. 2004,2016,peer-reviewed,inferred,medium,Clusters are partly observation-effort artifacts (dense coastal populations find more carcasses); none of the causal hypotheses has been tested experimentally or with independent oceanographic hindcasts at scale.,10.1080/00364827.1968.10413400
TAX-35,"Global record totals disagree across compilations: Guerra & González (2004) imply ~339 worldwide records (115 = 33.9%); later papers cite 'nearly 500 records since 1547' attributing the figure to Sweeney (& Roper) 2001; Paxton (2016) worked from a database of several hundred records; and a 2026 'systematic review' (Bari, Asian Journal of Fisheries and Aquatic Research 28(3): 14-21) claims 836 confirmed specimens through late 2025 — these totals are not mutually consistent and inclusion criteria differ.",D,Guerra & González 2004; Sweeney & Roper 2001 as cited by others; Bari 2026,2026,other,inferred,low,"I could not open Sweeney & Roper 2001 to obtain its own count (132-page Smithsonian report). The 836 figure comes from a journal of questionable rigor (B.P. International imprint) and should not be adopted without independent verification. Treat all totals as order-of-magnitude only (hundreds, not thousands).",none found
DEP-01,"On 30 September 2004, a baited remote camera-and-depth-logger rig photographed a live Architeuthis attacking bait at 900 m depth off the Ogasawara Islands (North Pacific), over a seafloor of ~1200 m; >550 images were taken over the subsequent ~4 h and a severed 5.5 m tentacle recovered from the rig confirmed identity and scale (animal estimated >8 m total).",A,"Kubodera & Mori, 'First-ever observations of a live giant squid in the wild', Proc. R. Soc. B 272:2583-2586",2005,peer-reviewed,direct,high,"Single animal at a baited rig; depth is that of the rig, not free-ranging behavior. Tentacle recovery adds B-category physical confirmation.",10.1098/rspb.2005.3158
DEP-02,"Kubodera & Mori chose their 2004 deployment site (10-15 km SE of Chichijima, near a steep canyoned continental slope) using depth-logger data from sperm whales in the region showing repeated dives to 800-1000 m by day and 400-500 m at night during the Sept-Dec feeding season — indirect evidence bracketing giant squid foraging depth and hinting at a diel structure in the prey field.",C,"Kubodera & Mori, Proc. R. Soc. B (methods/rationale)",2005,peer-reviewed,inferred,medium,"Whale dive depths are a proxy; whales eat many squid species, so the diel pattern cannot be attributed specifically to Architeuthis. Methods text verified via search snippets, not full-text reading (paywalled/blocked in this environment).",10.1098/rspb.2005.3158
DEP-03,The 2004 still sequence was reported as showing an ACTIVE attack — the squid attacking the bait from a horizontal position and wrapping its tentacles around it 'to strike and tangle prey' — leading the authors to conclude Architeuthis is 'a much more active predator than previously suspected'. The orchestrator's lead about an 'oblique hanging posture' in the 2004 stills is NOT supported: no such posture claim was found in the 2005 paper's abstract or in contemporaneous summaries.,A,"Kubodera & Mori, Proc. R. Soc. B; contemporaneous Nature News and Smithsonian summaries",2005,peer-reviewed,direct,medium,Full text could not be opened in this environment; 'horizontal attack' wording comes from reputable secondary summaries of the paper. Treat the posture correction as provisional pending full-text check.,10.1098/rspb.2005.3158
DEP-04,"In July 2012 (encounter 10 July), the first video of a live giant squid in its habitat was taken from a Triton submersible ~15 km east of Chichijima (Ogasawara): the squid was encountered at ~630 m depth and, per press accounts of the NHK/Discovery expedition, followed down to ~900 m while it fed on a 1-m bait squid; the animal was missing both long tentacles and was estimated at ~3 m as filmed (~8 m if intact).",A,"Kubodera (Natl. Museum of Nature and Science) via AFP/phys.org, Reuters/VOA, NHK/Discovery expedition reporting",2013,press,direct,medium,"The 630 m and 900 m figures circulate only in press releases/media of the 2012 expedition; no peer-reviewed publication of these depths was found. First-claimed vs well-verified distinction applies: the event is certain, the exact depths are press-sourced.",https://phys.org/news/2013-01-giant-squid-pacific-depths-japan.html
DEP-05,"On 19 June 2019, the Medusa low-light camera platform recorded a live Architeuthis at 759 m depth in the northern Gulf of Mexico (~160 km SE of New Orleans) attacking the bioluminescence-mimicking 'e-jelly' lure — the first live giant squid filmed in US waters; the animal (estimated 3-3.7 m) released the lure and swam off when it proved inedible.",A,"Robinson, Johnsen, Brooks, Frey, Judkins, Vecchione & Widder, 'Studying the swift, smart, and shy: Unobtrusive camera-platforms for observing large deep-sea squid', Deep-Sea Research Part I 172:103538",2021,peer-reviewed,direct,high,"Single encounter at a lure; depth is platform depth. Identification verified by teuthologists (Judkins, Vecchione).",10.1016/j.dsr.2021.103538
DEP-06,Robinson et al. (2021) report that the Architeuthis tracked the bobbing Medusa platform and stalked it for ~6 minutes before attacking the luminescent e-jelly while ignoring nearby olfactory bait — evidence that giant squid are active VISUAL predators (attracted to bioluminescent cues) rather than passive ambush/drift hunters.,A,"Robinson et al., Deep-Sea Research Part I 172:103538",2021,peer-reviewed,direct,high,"Behavioral inference from very few encounters (n=2 attack sequences for the platform approach analysis, incl. Pholidoteuthis); 'stalking' interpretation is the authors'.",10.1016/j.dsr.2021.103538
DEP-07,"Most Architeuthis taken by trawl in New Zealand waters came from the hoki fishery with nets towed between 400 and 600 m; only one specimen has been reported from deeper (>800 m) orange roughy trawling (Förch 1998, NIWA Biodiversity Memoir 110; reiterated by Bolstad & O'Shea 2004).",B,"Förch, 'The marine fauna of New Zealand: Cephalopoda: Oegopsida: Architeuthidae', NIWA Biodiversity Memoir 110; Bolstad & O'Shea, NZ Journal of Zoology 31:15-21",1998,expedition report,direct,medium,"Trawl capture depth reflects fishing effort distribution as much as squid distribution (nets fish where fisheries operate); capture during haul at shallower depth cannot always be excluded. Statement verified via Bolstad & O'Shea-authored article snippets, not the memoir itself.",ISBN 9780478084474
DEP-08,"In the Sea of Japan between January 2014 and March 2015, 57 Architeuthis dux were recorded in Japanese coastal waters in three depth categories: 19 washed ashore/floating at the surface, 28 caught in fixed (set) nets at 50-150 m, and 10 caught by bottom trawl or bottom gillnet several km offshore at 200-300 m; 28 individuals were found alive, including animals swimming at the surface and into harbors in winter.",B,"Kubodera et al., 'Extraordinary numbers of giant squid... in Japanese coastal waters of the Sea of Japan', Marine Biodiversity 48:1391-1400 (2018; online 2016; co-author list unconfirmed)",2018,peer-reviewed,direct,high,"These shallow depths almost certainly represent displaced/moribund animals, not normal habitat; the live surface swimmers are A-category direct observations but of animals likely in physiological distress.",10.1007/s12526-016-0618-7
DEP-09,"Kubodera et al. (2018) interpret the Sea of Japan as a 'large natural trap' for giant squid that enter through the southwestern Tsushima Strait: animals migrating with the Tsushima Warm Current become trapped between warm surface water and the very cold deep Japan Sea Proper Water in winter and end up at the surface/coast. This is an explanatory hypothesis, not a demonstrated mechanism.",D,"Kubodera et al., Marine Biodiversity 48:1391-1400",2018,peer-reviewed,inferred,high,Confidence is high that the paper makes this claim; the mechanism itself is untested inference from occurrence patterns and regional hydrography.,10.1007/s12526-016-0618-7
DEP-10,"Architeuthis dux environmental DNA was detected in the western Sea of Japan in winter but not in summer (species-specific qPCR primer-probe on field water samples), matching the seasonal pattern of physical records and independently supporting a winter coastal presence.",C,"Wada, Doi et al., 'Exploring a legendary giant squid: an environmental DNA approach', Marine Biology 167:160",2020,peer-reviewed,direct,high,"eDNA indicates presence, not depth of the living animal; signal could partly derive from dead/dying individuals, which are demonstrably present in the region in winter.",10.1007/s00227-020-03773-z
DEP-11,"The near-universal '300-1000 m' depth range for Architeuthis traces to expert synthesis rather than systematic depth data: Roper & Boss (1982, Scientific American 246(4):96-105) stated giant squid spend most of their lives at 300-1000+ m, and Roper & Shea (2013) restate that the species 'lives in the cold mesopelagic dark between 300 and 1,000 m', explicitly deriving the range from deep net captures plus knowledge of sperm whale foraging behavior — i.e., it is an envelope of indirect evidence, not measured occupancy.",D,"Roper & Boss, Scientific American 246(4):96-105; Roper & Shea, American Malacological Bulletin 31(1):109-122",1982,peer-reviewed,inferred,high,"High confidence in the provenance; the range itself has never been validated by telemetry or systematic depth-stratified sampling. Direct observations (630-900 m, 759 m) fall inside it but are few.",10.4003/006.031.0104
DEP-12,"An alternative published synthesis states the vertical distribution of Architeuthis 'ranges probably from surface waters to 1200 m depth, but animals are mainly caught on the continental slope between 300-600 m' — slightly different bounds than the 300-1000 m formulation, illustrating that stated depth ranges vary by author and underlying record set.",D,"Hoving et al., 'A male giant squid, Architeuthis spec. ... ', Basteria 70 (specimen paper, introduction)",2006,peer-reviewed,inferred,medium,"Quote captured from a PDF snippet in search results; exact page not confirmed. The 'surface waters' end of the range reflects moribund/stranded animals, not normal habitat.",none found
DEP-13,"Statolith oxygen-isotope (delta-18O) analyses of three female Architeuthis captured off Tasmania in 1996 indicated lifetime average ambient temperatures of 10.5-12.9 C, corresponding in that region to AVERAGE depths of only 125-250 m and maximum depths of ~500 m (with capture records suggesting occasional excursions to ~1000 m) — substantially shallower than the 630-900 m visual encounter depths off Japan and in the Gulf of Mexico.",D,"Landman, Cochran, Cerrato, Mak, Roper & Lu, 'Habitat and age of the giant squid (Architeuthis sanctipauli) inferred from isotopic analyses', Marine Biology 144:685-691",2004,peer-reviewed,inferred,high,"Depends on assumptions of aragonite-seawater isotopic equilibrium and on the local temperature-depth profile; averages integrate the (possibly shallow) juvenile phase; n=3, one region. This is a genuine unresolved disagreement in the depth literature, not an error to be smoothed over.",10.1007/s00227-003-1245-y
DEP-14,"Evidence for ontogenetic vertical structure is real but weak: the five smallest known paralarvae (6.7-8.8 mm ML) were described from New Zealand waters by O'Shea et al. (2022), who critically re-evaluated prior paralarval/juvenile records and suggested Architeuthis descends through the water column with growth, noting that isotope-based average habitation depths of 125-260 m for 'adults' would be pulled shallow by a near-surface early life phase.",D,"O'Shea, Lu, Clarke & Kubodera, 'Description of paralarval giant squid Architeuthis dux...', Marine Biodiversity 52:100 (published 6 Sep 2022)",2022,peer-reviewed,inferred,medium,"Capture depths of the paralarvae could not be confirmed from the abstract; total worldwide paralarval records number only a handful, so any ontogenetic-descent model rests on very sparse data.",10.1007/s12526-022-01287-z
DEP-15,"The first described juvenile Architeuthis (45 and 57 mm ML; Roper & Young 1972) were recovered from the stomachs of fish captured off Madeira (Atlantic) and off Chile (eastern Pacific) — i.e., the classic 'juveniles occur near the surface' claim rests substantially on predator stomach contents rather than direct net captures at recorded depths. The orchestrator's lead ('paralarvae near surface') is only indirectly supported by this source.",B,"Roper & Young, 'First records of juvenile giant squid, Architeuthis (Cephalopoda, Oegopsida)', Proc. Biol. Soc. Washington 85:205-222",1972,peer-reviewed,direct,medium,"Predator stomach provenance gives no depth of capture of the squid itself; some later juvenile records (e.g., surface plankton tows) exist but were not individually verified here.",none found (Smithsonian repository handle 10088/11330)
DEP-16,"Three small young Architeuthis dux (one of 140.8 mm ML, 44.81 g, off Uchinoura, Kagoshima; two of 332.0 mm ML, ~357-391 g, off Hamada, Shimane) were caught in or near Japanese coastal waters in April-June 2013 — the first records of small young giant squid, all from shallow coastal situations, consistent with (but not proving) a shallower young stage.",B,"Wada, Kubodera, Yamada & Terakado, 'First records of small-sized young giant squid Architeuthis dux from the coasts of Kyushu Island and the south-western Sea of Japan', Marine Biodiversity Records 8:e153",2015,peer-reviewed,direct,high,Coastal capture of three individuals may reflect anomalous displacement (as with Sea of Japan adults) rather than normal juvenile habitat.,10.1017/S175526721500127X
DEP-17,"The buoyancy physiology underpinning the 'floaters' bias is quantitatively established: Clarke, Denton & Gilpin-Brown (1979) showed that nearly neutrally buoyant oceanic squids — the Architeuthidae among the ammoniacal families that store the fluid in muscle tissue (unlike Cranchiidae, which use a coelomic chamber) — hold large amounts of ammonium (exchanged for sodium), concentrated in special tissues at up to ~0.5 M, making the fluid lighter than seawater. This is the earliest solid, quantitative, peer-reviewed anchor found for the Architeuthis ammonium-buoyancy claim.",B,"Clarke, Denton & Gilpin-Brown, 'On the use of ammonium for buoyancy in squids', J. Mar. Biol. Assoc. UK 59:259-276",1979,peer-reviewed,direct,high,Whether Architeuthis tissue itself was chemically assayed in this specific paper (vs. family-level assignment plus later confirmations) could not be verified from the abstract; anecdotes about ammoniacal ('sal ammoniac') taste of stranded giant squid flesh predate it but no earlier rigorous source was traceable in this session.,10.1017/S0025315400042570
DEP-18,"A consequence of ammoniacal near-neutral buoyancy is that dead or dying giant squid tend to float to the surface, so the historical record (strandings, floating carcasses, whale stomachs) is systematically biased toward dead 'floaters' — a bias acknowledged since Roper & Boss (1982) and repeatedly noted in modern syntheses; it inflates apparent surface/shallow records and under-samples healthy animals at depth.",D,"Roper & Boss, Scientific American 246(4); Roper & Shea 2013; Smithsonian Ocean synthesis",1982,peer-reviewed,inferred,medium,"The bias is a sound inference from buoyancy physics plus record composition, but its magnitude has never been quantified.",none found
DEP-19,"Brix (1983), using blood from a live giant squid caught off Radoy near Bergen, Norway on 23 August 1982, found that hemocyanin O2 affinity decreased more than fourfold between 6.4 C and 15 C, and proposed that giant squid entering warm water suffer arterial desaturation and may suffocate — the physiological basis of the temperature-limitation hypothesis for distribution and strandings (including the noted correlation of Newfoundland strandings with warm-water inflow).",D,"Brix, 'Giant squids may die when exposed to warm water currents', Nature 303:422-423",1983,peer-reviewed,inferred,high,"n=1 animal; in-vitro blood measurements; the leap from O2-binding curves to population-level distribution limits and stranding causation is inference. The often-quoted '15 C limit' derives from this experiment's upper test temperature, not from field data.",10.1038/303422a0
DEP-20,"Metabolic physiology of Architeuthis rests entirely on enzyme proxies: Seibel, Thuesen & Childress (2000) measured citrate synthase (aerobic capacity proxy) in Architeuthis mantle muscle within their study of deep-sea cephalopod metabolism; when scaled allometrically these activities suggest 'a fairly active aerobic metabolism but little burst swimming capacity' (per Rosa et al. 2017's reanalysis) — later cited both FOR a sluggish-drifter view (deep-sea metabolic decline paradigm) and AGAINST it (CS comparisons consistent with the active predator seen on video). No direct respirometry of Architeuthis exists.",D,"Seibel, Thuesen & Childress, 'Light-limitation on predator-prey interactions...', Biological Bulletin 198:284-298; Rosa et al. 2017 (colossal squid biology chapter, NERC repository)",2000,peer-reviewed,inferred,medium,"Enzyme activity in (often degraded) stranded-specimen tissue is an indirect proxy; the two interpretations in the literature are a genuine disagreement — record both, force neither.",10.2307/1542531
DEP-21,"In Sept-Oct 2001 (4 animals) and Oct 2003 (5 animals), clusters of Architeuthis dux stranded dead or dying along the Asturias coast (southern Bay of Biscay) within ~2-week windows that coincided in time and space with vessels conducting compressed-airgun seismic surveys (high-intensity, low-frequency <100 Hz); necropsies reported acute tissue damage including damaged statocysts and internal organ injuries (Guerra et al., ICES CM 2004/CC:29; restated in Guerra et al. 2011).",B,"Guerra, Gonzalez & Rocha, ICES Annual Science Conference CM 2004/CC:29; Guerra, Gonzalez, Pascual & Dawe, Biological Conservation 144:1989-1997",2004,other,direct,high,"The ICES CM document is a conference paper, not journal peer review; lesion interpretation in stranded (partly decomposed) animals is contestable; n=9. The strandings and reported lesions are well documented; the acoustic CAUSE is a hypothesis (see companion finding).",10.1016/j.biocon.2011.04.021
DEP-22,"The causal link between seismic surveys and the 2001/2003 giant squid strandings remains unproven and is treated in the wider literature as a temporal/spatial coincidence plus plausible mechanism, not demonstrated causation: supporting mechanism comes only from other species — André et al. (2011) produced permanent statocyst sensory-hair-cell lesions in 4 shallow-water cephalopod species with low-frequency (50-400 Hz) sound in tanks, and Solé et al. (2017) reproduced trauma in offshore exposures — while a dead giant squid sighted from an operating seismic vessel off Brazil (Leite et al. 2016) was never examined; UK government environmental assessments describe airgun pulses only as a 'potential contributing factor'.",D,"Andre et al., Frontiers in Ecology and the Environment 9:489-493 (10.1890/100124); Sole et al., Scientific Reports 7:45899; Leite et al., Marine Biodiversity Records 9:26; UK Offshore Energy SEA 4 Appendix (cephalopods)",2011,peer-reviewed,inferred,medium,No controlled exposure data exist for Architeuthis or any deep-sea squid at realistic received levels/depths; tank near-field artifacts in Andre et al. were a live methodological criticism until the 2017 offshore work on cuttlefish. Report as disputed.,10.1890/100124
DEP-23,"The only global habitat model built specifically for A. dux (Coro et al. 2015, feed-forward neural network with expert-generated absences, compared against MaxEnt, AquaMaps and an expert-drawn map) produced a circumglobal, temperate-latitude distribution consistent with expert opinion and biological assessments; environmental features were extracted at presumed Architeuthis depth ranges, meaning the model inherits, rather than tests, the 300-1000 m assumption.",D,"Coro, Magliozzi, Ellenbroek & Pagano, 'Improving data quality to build a robust distribution model for Architeuthis dux', Ecological Modelling 305:29-39",2015,peer-reviewed,inferred,medium,Presence data are dominated by strandings/bycatch (the floaters bias); specific fitted environmental response values could not be extracted from the abstract in this session.,none found (Elsevier PII S0304380015001222)
DEP-24,"North-east Atlantic Architeuthis records cluster around submarine-canyon systems (e.g., the Asturias 'Carrandi' grounds near the Aviles Canyon), and Guerra et al. (2011) frame the species as associated with submarine-canyon ecosystems — an oceanographic/topographic correlate of occurrence (likely reflecting enhanced productivity and prey aggregation at canyons).",D,"Guerra et al., Biological Conservation 144:1989-1997",2011,peer-reviewed,inferred,medium,"Record clustering partly reflects observation effort (fisheries, coastal population); canyon association is correlational.",10.1016/j.biocon.2011.04.021
DEP-25,"Newfoundland stranding pulses have been linked to hydrographic variability: strandings there were reported (per Brix 1983's framing of earlier records) to correlate with inflow of warm water, and Aldrich proposed an approximately 30-year periodicity of Newfoundland mass strandings tied to Labrador Current fluctuations — both remain loosely quantified, legacy correlations.",C,"Brix, Nature 303:422-423; Aldrich, Bulletin of Marine Science 49:457-481 (1991)",1991,peer-reviewed,inferred,low,Aldrich's periodicity is based on sparse historical stranding tallies; neither correlation has been re-tested with modern oceanographic data; Aldrich 1991 citation details were verified only via secondary mentions.,10.1038/303422a0
DEP-26,"No quantitative locomotion analysis (fin swimming vs jet propulsion kinematics) of any live Architeuthis footage has been published: descriptions from the 2012 submersible video (squid holding/feeding on the bait squid, described qualitatively by Kubodera) and the 2019 Medusa video (arm extension, engulfing attack on the e-jelly, then rapid departure) remain narrative; the general deep-sea cephalopod literature (Seibel et al.) predicts economical fin/arm swimming over costly jetting at depth, but for Architeuthis specifically this is extrapolation.",D,Robinson et al. 2021 (DSR I); Seibel et al. 2000 (Biol. Bull.); expedition media 2013,2021,peer-reviewed,inferred,medium,Absence-of-publication claim is based on this session's searches; a kinematic analysis could exist in grey/Japanese-language literature.,10.1016/j.dsr.2021.103538
DEP-27,"A 2026 'systematic review' (836 specimens through late 2025) frames the Sea of Japan as a 'thermal trap' in which water temperatures exceeding 15 C impair hemocyanin oxygen transport, driving seasonal strandings — but this appears in a low-tier journal (Asian Journal of Fisheries and Aquatic Research) and the 15 C threshold is a repackaging of Brix (1983) rather than new physiology.",E,"Bari, 'Global Distribution of the Giant Squid Architeuthis dux: A Systematic Review with Special Focus on the Sea of Japan Hotspot', Asian J. Fisheries and Aquatic Research",2026,other,inferred,low,"Venue with weak editorial reputation; specimen tally not independently checkable here; use only as a pointer to the underlying primary sources (Brix 1983; Kubodera et al. 2018), not as evidence itself.",none found
DEP-28,"No depth-time telemetry (tag) record has ever been obtained from a living Architeuthis; every depth datum in the literature is a point observation (baited camera, submersible, bycatch, isotope proxy), so diel vertical migration in giant squid is unverified in either direction.",D,Synthesis across Roper & Shea 2013; Robinson et al. 2021; this session's searches,2013,peer-reviewed,inferred,high,"Negative claim, bounded by search coverage; sperm-whale diel dive patterns (800-1000 m day / 400-500 m night off Ogasawara) are consistent with, but do not demonstrate, prey DVM.",10.4003/006.031.0104
DIE-01,The only identifiable prey items recovered from the gut of a giant squid caught in New Zealand waters (Bolstad & O'Shea 2004) were attributed to two squid taxa: Nototodarus sp. and Architeuthis dux; no fish were among the identifiable remains of that specimen.,B,"Bolstad & O'Shea, 'Gut contents of a giant squid Architeuthis dux (Cephalopoda: Oegopsida) from New Zealand waters', New Zealand Journal of Zoology",2004,peer-reviewed,direct,high,"Single specimen; Architeuthis stomachs are usually near-empty with heavily macerated contents, so any one gut sample is a weak basis for diet generalization.",https://consensus.app/papers/details/5cd9fdbe74585901948dd3a3de17e187/
DIE-02,"Numerous fragments of an Architeuthis tentacular club (carpus, manus and dactylus suckers, and the dactylic pouch) were recovered from the gut of that New Zealand Architeuthis dux — the first reported occurrence of conspecific tissue in a giant squid gut.",B,"Bolstad & O'Shea, New Zealand Journal of Zoology",2004,peer-reviewed,direct,high,Presence of conspecific tissue is a physical fact; what behavior produced it is a separate inference (see next finding).,https://consensus.app/papers/details/5cd9fdbe74585901948dd3a3de17e187/
DIE-03,Bolstad & O'Shea (2004) presented cannibalism only as a POSSIBILITY ('introduce the possibility of cannibalism') and explicitly evaluated alternative explanations such as autophagy; cannibalism in Architeuthis is not demonstrated behaviorally by this study.,D,"Bolstad & O'Shea, New Zealand Journal of Zoology",2004,peer-reviewed,direct,high,Neither cannibalism nor autophagy can be distinguished from gut remains alone; no observation of a live giant squid attacking a conspecific exists.,https://consensus.app/papers/details/5cd9fdbe74585901948dd3a3de17e187/
DIE-04,"Correction of a commonly conflated claim: hoki as Architeuthis prey does NOT come from Bolstad & O'Shea (2004), whose identifiable prey were squid only; the hoki record comes from Deagle et al. (2005), who identified fish DNA in an Architeuthis gut sample as Macruronus novaezelandiae (hoki/blue grenadier) by PCR sequence comparison.",B,"Deagle et al., 'Genetic screening for prey in the gut contents from a giant squid (Architeuthis sp.)', The Journal of Heredity",2005,peer-reviewed,inferred,high,"Correction inferred by comparing the two abstracts read directly this session; the two studies may concern related NZ material, so popular accounts often conflate them.",https://consensus.app/papers/details/e957a2f8d35f584f80148170814279e8/
DIE-05,"Deagle et al. (2005) isolated Architeuthis DNA from an ingested tentacle in a giant squid gut sample and, together with chitin fragments, interpreted this as indicating that cannibalism occurs in giant squid; their DGGE screening also revealed a high frequency of PCR-generated false alleles and no additional prey species.",B,"Deagle et al., The Journal of Heredity",2005,peer-reviewed,direct,high,Conspecific DNA alone cannot exclude self-tissue (autophagy or damage during capture); the authors' cannibalism reading leans on the ingested chitin fragments. Single animal.,https://consensus.app/papers/details/e957a2f8d35f584f80148170814279e8/
DIE-06,"Three mature male Architeuthis (mantle length 975–1084 mm) bycaught in demersal trawls west of Ireland, April–June 1995, had stomachs containing blue whiting (Micromesistius poutassou), horse mackerel (Trachurus trachurus), the Norway lobster Nephrops norvegicus, and the octopus Eledone cirrhosa.",B,"Lordan et al., 'Observations on Morphology, Age and Diet of Three Architeuthis Caught Off the West Coast of Ireland in 1995', Journal of the Marine Biological Association of the UK",1998,peer-reviewed,direct,high,"Trawl-caught animals may ingest prey inside the net, so benthic items (Nephrops, Eledone) could be capture artifacts rather than natural diet; small sample (n=3).",https://consensus.app/papers/details/167d7bae7d9c5380b8bb498683197b81/
DIE-07,"Regueira et al. (2014), analysing gut contents from Mediterranean and Atlantic Iberian specimens (20 specimens examined; five females and two males yielded contents) plus literature data, concluded that A. dux preys mainly on pelagic fast swimmers and shoaling fishes and cephalopods, with no significant diet differences by size, sex, or location.",B,"Regueira, Guerra et al., 'What does the giant squid Architeuthis dux eat?', Hydrobiologia",2014,peer-reviewed,direct,high,Only 7 of 20 specimens had gut contents; combining heterogeneous literature records with multivariate methods inherits the biases of each original study.,https://consensus.app/papers/details/51f3e3dfa91358e2b84c18123e87499b/
DIE-08,"Regueira et al. (2014) estimated the trophic level of Architeuthis dux from diet composition as 4.7, and found the species appears to occupy the same trophic role across its examined geographic range.",D,"Regueira, Guerra et al., Hydrobiologia",2014,peer-reviewed,direct,high,Diet-based trophic-level estimation depends on assumed trophic levels of prey taxa; not directly comparable to isotope-based placements without calibration.,https://consensus.app/papers/details/51f3e3dfa91358e2b84c18123e87499b/
DIE-09,"There is a live, unresolved disagreement on hunting mode: Regueira et al. (2014) characterize A. dux as an 'opportunistic ambushing hunter' from gut-content and morphological evidence, whereas Kubodera & Mori (2005) and Robinson et al. (2021), from direct observation, describe a much more active, visually guided predator.",D,Regueira et al. 2014 (Hydrobiologia) vs Kubodera & Mori 2005 (Proc R Soc B) vs Robinson et al. 2021 (Deep-Sea Research I),2005-2021,peer-reviewed,inferred,high,Direct observations are few and all occurred at baited or lure-equipped platforms (attraction bias); a mixed strategy is plausible and no study excludes it.,none found
DIE-10,Pérez-Gándaras & Guerra (1978) reported that pelagic fish and cephalopod remains prevailed in the gut contents of trawl-caught Architeuthis specimens from Spanish waters — one of the earliest gut-content reports for the genus.,B,"Pérez-Gándaras & Guerra 1978, as cited in later diet literature (e.g., Regueira et al. 2014)",1978,peer-reviewed,direct,medium,Original 1978 paper not opened this session; content known only via citation in later peer-reviewed and secondary sources. 'Earliest' status not established.,none found
DIE-11,"Stable-isotope profiles along the beaks of four A. dux (Bay of Biscay and Namibia) show δ15N increasing by up to ~5.8‰ from the rostral tip (early life) onward — slightly less than a two-trophic-level rise — indicating an ontogenetic diet shift early in life from smaller, lower-trophic prey to larger, higher-trophic prey (Guerra et al. 2010).",D,"Guerra et al., 'Life-history traits of the giant squid Architeuthis dux revealed from stable isotope signatures recorded in beaks', ICES Journal of Marine Science 67(7):1425+",2010,peer-reviewed,direct,high,"n=4 animals; beak isotope interpretation depends on assumptions about tissue turnover, baseline isoscapes, and trophic discrimination factors for chitinous tissue.",doi:10.1093/icesjms/fsq091
DIE-12,"In the same study, the relative stability of δ13C over the post-juvenile portion of the beak profiles is consistent with the hypothesis that adult giant squid inhabit a relatively restricted area rather than undertaking extensive lifetime migrations (movement inference).",D,"Guerra et al., ICES Journal of Marine Science",2010,peer-reviewed,direct,medium,δ13C stability can also arise from movement within isotopically similar water masses; n=4; no tagging or tracking data exist for Architeuthis to test this.,doi:10.1093/icesjms/fsq091
DIE-13,"Isotopic analysis of lower-beak wings from cephalopods accumulated in the stomachs of three sperm whales stranded in the Bay of Biscay (December 2001) placed Architeuthis dux among the more 13C-enriched, bathyal species of a 19-species deep-sea cephalopod assemblage whose δ15N values spanned only ~4.6‰ (~1.5 trophic levels) — i.e., the giant squid sits within, not above, the upper trophic web of large deep-sea cephalopods (Cherel et al. 2009).",D,"Cherel et al., 'Stable isotopes document the trophic structure of a deep-sea cephalopod assemblage including giant octopod and giant squid', Biology Letters",2009,peer-reviewed,direct,medium,Details taken from abstract/summary-level access; exact Architeuthis δ15N/δ13C values not captured this session. Beak wings record recent diet only; whale-stomach sampling is predator-filtered.,doi:10.1098/rsbl.2009.0024
DIE-14,"In sperm whales caught off the Azores (17 whales, 1981–1984; 28,738 cephalopods represented), Architeuthidae contributed an estimated 12.1% by mass of the cephalopod food — third behind Octopoteuthidae (39.8%) and Histioteuthidae (32.7%) — showing giant squid are a substantial but not dominant sperm whale prey in that region (Clarke, Martins & Pascoe 1993).",B,"Clarke, Martins & Pascoe, 'The diet of sperm whales (Physeter macrocephalus Linnaeus 1758) off the Azores', Philosophical Transactions of the Royal Society B 339:67+",1993,peer-reviewed,direct,high,"Mass percentages are reconstructed from beak measurements via allometric regressions, which carry substantial error for very large squid; beak retention biases proportions.",doi:10.1098/rstb.1993.0005
DIE-15,"Architeuthis sp. was identified among squid beaks from sperm whale stomachs at the Tory Channel whaling station, Cook Strait, New Zealand (151 whales, 1963–64; 2,118 lower mandibles typed), where onychoteuthid squid — not giant squid — made up the bulk of stomach contents (Gaskin & Cawthorn 1967); Architeuthis importance in sperm whale diet is regionally variable.",B,"Gaskin et al., 'Diet and feeding habits of the sperm whale (Physeter Catodon L.) in the Cook Strait region of New Zealand', New Zealand Journal of Marine and Freshwater Research",1967,peer-reviewed,direct,high,Whaling-era sampling of a localized male-biased population; beak typing predates modern keys for some groups.,https://consensus.app/papers/details/ccda6a723cc8563c81475622b5f97261/
DIE-16,"Circular sucker scars on the skin of sperm whales, attributed to the toothed sucker rings of large squid including Architeuthis, are widely cited as indirect evidence that whales seize living giant squid that resist capture; older whales carry many overlapping scars.",C,"Smithsonian Ocean portal, 'Giant Squid Sucker Marks' (Smithsonian Institution)",n.d. (accessed 2026),museum record,direct,medium,Scars are rarely attributable to species; 'titanic battle' narratives built on scars are extrapolation. No interaction between sperm whale and giant squid has ever been observed directly.,https://ocean.si.edu/ocean-life/invertebrates/giant-squid-sucker-marks
DIE-17,"Stomachs of large sleeper sharks (Somniosus cf. microcephalus, ~3.9 m) from Kerguelen waters contained remains of Architeuthis dux (as well as colossal squid Mesonychoteuthis hamiltoni, Kondakovia longimana and Taningia danae), with Architeuthis beak sizes indicating mantle lengths up to ~220 cm — establishing sleeper sharks as a documented consumer of very large giant squid (Cherel & Duhamel 2004).",B,"Cherel & Duhamel, 'Antarctic jaws: cephalopod prey of sharks in Kerguelen waters', Deep-Sea Research Part I",2004,peer-reviewed,direct,medium,"Details verified from abstract/summary-level access, not full text; the 36-stomach sample size and exact proportions per species not independently confirmed this session.",https://www.sciencedirect.com/science/article/abs/pii/S0967063703001626
DIE-18,"For shark records of Architeuthis remains, the authors themselves note that predation cannot be distinguished from scavenging — sleeper sharks 'may either prey on live animals or scavenge on dead individuals' — so shark stomach contents document consumption, not necessarily predation on live giant squid.",C,"Cherel & Duhamel, Deep-Sea Research Part I",2004,peer-reviewed,direct,medium,Post-spawning moribund/dead Architeuthis are plausibly available to scavengers; no method currently separates the two pathways from hard-part remains.,https://www.sciencedirect.com/science/article/abs/pii/S0967063703001626
DIE-19,"Architeuthis dux beaks were recovered from stomachs of long-finned pilot whales (Globicephala melas) mass-stranded in Tasmania (114 whales, 1992–2006); the giant squid was the largest squid recovered, with an estimated biomass of 4,943 g — documenting a toothed-whale predator/consumer of Architeuthis besides the sperm whale.",B,"'Stomach contents of long-finned pilot whales, Globicephala melas mass-stranded in Tasmania', PLOS ONE (first author Beasley per common citation; author list not re-verified this session)",2019,peer-reviewed,direct,high,"A single reconstructed ~5 kg individual indicates consumption of a modest-sized giant squid, not routine predation on adults; scavenging cannot be excluded.",doi:10.1371/journal.pone.0206747
DIE-20,"Architeuthidae (juveniles) were among the important cephalopod families identified from 9,994 lower beaks (61 species) in wandering albatross (Diomedea exulans) food samples (mainly chick regurgitations) at six circumpolar breeding localities (Imber 1992) — evidence that juvenile giant squid enter seabird food webs.",B,"Imber, 'Cephalopods eaten by wandering albatrosses (Diomedea exulans L.) breeding at six circumpolar localities', Journal of the Royal Society of New Zealand 22(4)",1992,peer-reviewed,direct,high,"Beaks accumulate and resist digestion, inflating apparent importance; how the birds obtained juvenile Architeuthis (surface predation vs scavenging) is not determined by beak counts.",doi:10.1080/03036758.1992.10420819
DIE-21,"Wandering albatross diet studies estimate that a large fraction of their cephalopod intake is scavenged rather than caught live (one analysis: a minimum ~30% by number corresponding to ~85% of cephalopod mass), so Architeuthis beaks in albatross samples plausibly reflect scavenging of dead/dying squid at the surface rather than predation.",D,"Xavier, Croxall & Reid 2003, Marine Biology 142:611-622 (scavenging estimate); Imber 1992 (beak records)",2003,peer-reviewed,direct,medium,"Scavenging percentages are for the cephalopod diet overall, not Architeuthis specifically; figures taken from search-summary access to these papers, not full text.","Identifier for Xavier, Croxall & Reid 2003 (Marine Biology 142:611-622) not verified this session; note doi:10.1007/BF00394833 is the Rodhouse, Clarke & Murray 1987 beak-record paper, NOT the source of the scavenging estimate"
DIE-22,"A pair of Architeuthis sp. beaks was recovered from the stomach of a blue shark (Prionace glauca) caught off Ensenada, Baja California — reported as the first such record for Mexican waters — adding large pelagic sharks to the list of documented consumers of giant squid.",B,"'Food and feeding habits of the blue shark Prionace glauca caught off Ensenada, Baja California, Mexico, with a review on its feeding' (authors and year not captured this session)",uncertain (ca. 2010s),peer-reviewed,direct,low,Verified only via a search snippet of the paper's ResearchGate record; year and author list unconfirmed. Single record; consumption could be scavenging.,https://www.researchgate.net/publication/232014724_Food_and_feeding_habits_of_the_blue_shark_Prionace_glauca_caught_off_Ensenada_Baja_California_Mexico_with_a_review_on_its_feeding
DIE-23,"Blue sharks have been filmed/observed scavenging floating giant squid carcasses (e.g., an ~8-ft blue shark on a ~10-ft squid carcass off Australia, 2012 video), but there is no verified record of any shark killing a live adult Architeuthis.",E,OutdoorHub press video report; TONMO sightings threads,2012,press,direct,low,Anecdotal press/video material; species identification of the carcass in such videos is rarely confirmed by specialists.,https://www.outdoorhub.com/news/2012/06/07/video-blue-shark-eats-giant-squid/
DIE-24,"An old western North Atlantic record reports 'jaws of a giant squid (genus perhaps Architeuthis)' taken from the stomach of a swordfish (Xiphias gladius) harpooned on the northern edge of Georges Bank — tentative, genus-level-uncertain evidence that swordfish at least occasionally consume (possibly juvenile or scavenged) giant squid.",B,"Fishes of the Gulf of Maine, swordfish species account (Bigelow & Schroeder tradition; online FGOM cybrary edition)",1953 (account tradition; record undated),book,direct,low,The original account itself flags the identification as uncertain ('genus perhaps Architeuthis'); this claim circulates in compiled secondary accounts and was not traced to a primary specimen report this session.,http://cybrary.fomb.org/fgom/Xiphias_gladius.htm
DIE-25,"On 30 September 2004, at ~900 m depth off the Ogasawara Islands (a sperm whale feeding ground), Kubodera & Mori obtained the first images of a live giant squid in its natural habitat: an ~8 m Architeuthis attacked a baited camera line, enveloping the bait in 'a ball of tentacles'; it remained snagged for over four hours and left behind a 5.5 m severed tentacle that confirmed identification and scale.",A,"Kubodera & Mori, 'First-ever observations of a live giant squid in the wild', Proceedings of the Royal Society B",2005,peer-reviewed,direct,high,"Single individual responding to an artificial baited line; still photographs at 30-s intervals, so the strike kinematics are coarsely resolved.",doi:10.1098/rspb.2005.3158
DIE-26,"Kubodera & Mori interpreted the 2004 sequence as showing that Architeuthis 'appears to be a much more active predator than previously suspected, using its elongate feeding tentacles to strike and tangle prey' — the first direct behavioral challenge to the passive/sluggish drifter model.",A,"Kubodera & Mori, Proceedings of the Royal Society B",2005,peer-reviewed,direct,high,Behavior toward bait on a line may not represent natural prey capture; n=1 event.,doi:10.1098/rspb.2005.3158
DIE-27,"The pre-2004 'sluggish ambush drifter' model of Architeuthis rested on informed inference from dead specimens: near-neutral buoyancy via ammonium chloride solution in the tissues (lighter than seawater), apparently weak musculature/loose structural morphology, and low blood oxygen-carrying capacity implying poor burst-swimming ability.",D,"Ammoniacal-buoyancy and functional-morphology literature (e.g., 'Ammonium content and buoyancy in midwater cephalopods', J. Exp. Mar. Biol. Ecol.; synthesized in secondary reviews)",1979-2004,peer-reviewed,direct,medium,The earliest primary formulation of the drifter hypothesis was not traced this session; the reasoning chain is assembled from buoyancy physiology papers and secondary syntheses. Neutral buoyancy does not preclude burst attacks.,https://www.sciencedirect.com/science/article/abs/pii/S002209810400485X
DIE-28,"On 19 June 2019 in the Gulf of Mexico, the Medusa camera platform — using far-red illumination and the 'e-jelly', an LED lure mimicking the bioluminescent 'burglar alarm' display of the jellyfish Atolla — recorded the first footage of a live giant squid in US waters; the squid tracked/stalked the lure before unfurling its arms and attacking it.",A,"NOAA Ocean Exploration 'Journey into Midnight' expedition logs; Robinson, Johnsen, Brooks, Frey, Judkins, Vecchione & Widder, 'Studying the swift, smart, and shy: Unobtrusive camera-platforms for observing large deep-sea squid', Deep-Sea Research Part I",2019 (event); 2021 (publication),government agency,direct,high,"Encounter elicited by an artificial optical lure; the animal aborted on contact with the hardware, so no natural prey capture was seen. Depth of the encounter not verified this session.",https://oceanexplorer.noaa.gov/expedition-feature/19biolum-logs-jun20/
DIE-29,"Attraction of giant squid to a lure mimicking a jellyfish's bioluminescent burglar-alarm display supports the inference that Architeuthis is a visually guided hunter that may exploit bioluminescent displays to locate feeding opportunities (i.e., attacking the larger animal implied by the display rather than the jellyfish itself), and that it stalks rather than only sitting-and-waiting.",D,"Robinson et al., Deep-Sea Research Part I (interpreting Medusa/e-jelly encounters); Widder's burglar-alarm framework",2021,peer-reviewed,direct,medium,Very few encounters underpin the inference; attraction to a novel light source could also reflect curiosity rather than a specific foraging strategy on bioluminescence-associated prey.,doi:10.1016/j.dsr.2021.103538
DIE-30,Nilsson et al. (2012) provided photographic documentation of a giant squid eye of about 27 cm diameter with a ~9 cm pupil — with giant and colossal squid eyes reaching up to roughly three times the diameter of any other animal's eye — making Architeuthis eyes among the largest known in the animal kingdom.,B,"Nilsson, Warrant, Johnsen, Hanlon & Shashar, 'A Unique Advantage for Giant Eyes in Giant Squid', Current Biology 22(8):683-688",2012,peer-reviewed,direct,high,"The 27 cm figure is from photographic documentation of a specimen, not a large measured series; press accounts often misattribute the measurement between giant and colossal squid.",doi:10.1016/j.cub.2012.02.031
DIE-31,"Nilsson et al. (2012) HYPOTHESIZED (via visual-detection modeling) that such giant eyes are uniquely suited not for finding prey or mates but for detecting the bioluminescence plume stimulated by approaching sperm whales, predicting detection at ranges exceeding 120 m below ~600 m depth — i.e., the eye evolved for long-range predator detection.",D,"Nilsson et al., Current Biology",2012,peer-reviewed,direct,high,"A modeling hypothesis, not an observation; its quantitative conclusions depend on assumed plankton bioluminescence intensities and spacing, which critics dispute.",doi:10.1016/j.cub.2012.02.031
DIE-32,"Schmitz et al. (2013) challenged the Nilsson hypothesis on two grounds: a comparative allometric analysis (87 squid species, 237 acanthomorph fishes) indicating giant/colossal squid eyes are not unusually large for their body size (a conserved developmental scaling manifested in very large animals), and revised model parameter values under which large eyes show no unique advantage for detecting approaching sperm whales; Nilsson et al. (2013) published a rebuttal, and the debate remains unresolved.",D,"Schmitz et al., 'Allometry indicates giant eyes of giant squid are not exceptional', BMC Evolutionary Biology 13:45; reply: Nilsson et al., BMC Evolutionary Biology 13:187",2013,peer-reviewed,direct,high,Both sides rely on sparse empirical data for deep-sea bioluminescence fields and on limited eye-size measurements for the largest squid.,doi:10.1186/1471-2148-13-45
DIE-33,"Feeding apparatus (specimen-based): Architeuthis captures prey with two long feeding tentacles whose clubs (and arms) bear suckers rimmed by sharp, finely serrated/toothed chitinous rings; Architeuthis has NO hooks — in labeled contrast to the colossal squid Mesonychoteuthis hamiltoni, which bears hooks (including swiveling hooks) on arms and tentacle clubs. Ingested food passes a parrot-like chitinous beak and radula.",B,"Specimen-based morphology: 'Tentacle morphology of the giant squid Architeuthis...', Bulletin of Marine Science 71(2) (2002); museum accounts (Australian Museum; Te Papa colossal squid material)",2002,peer-reviewed,direct,high,The Bulletin of Marine Science paper was identified by title only this session; the sucker-ring vs hook contrast is uncontroversial and consistently stated across museum and specialist sources.,https://www.ingentaconnect.com/content/umrsmas/bullmar/2002/00000071/00000002/art00012
DIE-34,"Parasites are documented in Architeuthis dux: larval cestodes Hepatoxylon trichiuri (Trypanorhyncha) have been reported from A. dux in the Atlantic (including Newfoundland), and a 2026 molecular survey of 11 New Zealand oegopsid species including A. dux recovered helminths dominated by Anisakis nematodes (species including A. berlandi and A. pegreffii among the taxa identified), reporting 23 new host-parasite associations across the squid assemblage.",B,"Li et al., 'The Battle of Helminths Deep: Molecular Insights Into Oegopsid Squid Parasites in Aotearoa New Zealand', New Zealand Journal of Zoology; plus earlier Atlantic records of Hepatoxylon trichiuri in A. dux",2026 (survey); earlier records undated this session,peer-reviewed,direct,medium,Which specific parasites came from the A. dux specimens (vs other squid species in the survey) was not resolved to specimen level this session; larval trypanorhynchs and anisakids also independently imply trophic links to shark and cetacean definitive hosts (a C-type inference).,doi:10.1002/njz2.70035
DIE-35,"Cadmium concentrations in the digestive gland of Iberian A. dux were high relative to other mesopelagic squids of the Bay of Biscay, which Bustamante et al. (2008) suggested reflects either feeding on more Cd-contaminated prey or a longer lifespan than other cephalopods — an indirect chemical window on diet.",D,"Bustamante et al., 'Metal and metalloid concentrations in the giant squid Architeuthis dux from Iberian waters', Marine Environmental Research",2008,peer-reviewed,direct,medium,Two non-exclusive explanations offered by the authors themselves; trace-metal loads are a coarse dietary proxy.,https://consensus.app/papers/details/8fb132e2efd050b99b60d2bd85dd33bd/
REP-01,"Male Architeuthis possess a very long, muscular terminal organ (penis) with an elaborated anterior end, internally differentiated into three parts involved in guidance, storage, protection, expulsion and possibly coating of spermatophores; described from 15 South African specimens collected 1972-2002.",B,"Hoving, Roeleveld, Lipinski & Melo, 'Reproductive system of the giant squid Architeuthis in South African waters', Journal of Zoology",2004,peer-reviewed,direct,high,"Anatomy from dead/preserved specimens; function inferred, not observed in mating.",10.1017/S0952836904005710
REP-02,"Male Architeuthis have no demonstrated functional hectocotylus; the tips of BOTH ventral arms show modification described as 'probably hectocotylization' (Hoving et al. 2004), but whether these modifications function in spermatophore transfer is unknown — so the popular claim 'males lack a hectocotylus' needs nuance: weak arm-tip modification exists, functional role unproven.",B,"Hoving et al., Journal of Zoology; discussed also in Arkhipkin et al., Journal of Molluscan Studies",2004,peer-reviewed,direct,high,Functional interpretation unresolved; Architeuthis is noted as the only deep-water squid combining modified ventral arm tips AND a long penis.,10.1017/S0952836904005710
REP-03,"The first record of a mated female giant squid: spermatophores (sperm packages) were found embedded within the skin of both ventral arms of a female Architeuthis caught off southern Australia, reported by Norman & Lu in Nature 389:683-684 (1997).",B,"Norman & Lu, 'Sex in giant squid', Nature 389:683-684",1997,peer-reviewed,direct,high,Single mated specimen at time of publication; earlier claimed observations of implanted sperm in stranded females were NOT found in this audit — Norman & Lu explicitly present theirs as the first record of a mated female.,10.1038/39497
REP-04,"Norman & Lu (1997) proposed, as hypothesis rather than observation, that male giant squid 'inject' spermatophores under pressure directly into the arms of females using the muscular elongate penis; no mating has ever been observed.",D,"Norman & Lu, Nature 389:683-684",1997,peer-reviewed,inferred,high,Mechanism inferred from implanted spermatangia and male anatomy; copulation itself remains unobserved in Architeuthis.,10.1038/39497
REP-05,Direct behavioral support for penis-mediated transfer: two moribund male A. dux found in shallow Japanese waters had their terminal organs passed through their own funnels and capable of active movement — presented as evidence that the terminal organ is used directly for spermatophore transfer (behavior previously seen in Pholidoteuthis adami).,A,"Sasai, Tanaka & Hirohashi, 'Evidence for direct use of terminal organ for spermatophore transfer in giant squid, Architeuthis dux', microPublication Biology",2025,peer-reviewed,direct,high,"Observations of moribund (dying) animals in shallow water, not of actual mating; n=2.",https://www.micropublication.org/journals/biology/micropub-biology-001476/ (PMC12008749)
REP-06,"Spermatangia are deposited non-specifically on females: large concentrations and single spermatangia were found in various places on female Architeuthis from South African waters, indicating no dedicated implantation site or seminal receptacle use.",B,"Hoving et al., Journal of Zoology",2004,peer-reviewed,direct,high,Based on 15 specimens (both sexes) collected over 30 years; preservation state varied.,10.1017/S0952836904005710
REP-07,"Genetic paternity analysis of a mature/maturing female A. dux (set-net bycatch, Japan) showed all 66 successfully genotyped spermatangia, scattered over five different body parts, derived from a SINGLE male — suggesting single-pair copulation can account for a female's entire sperm load (possible monandry).",B,"Murai, Shiomi, Yoshida, Tomano, Iwata, Sugai & Hirohashi, Deep-Sea Research Part I 175:103585",2021,peer-reviewed,direct,high,Single female; three microsatellite markers; cannot exclude polyandry in other individuals or populations.,https://www.sciencedirect.com/science/article/abs/pii/S0967063721001242
REP-08,"Mature male giant squid have repeatedly been found with spermatangia implanted in their OWN ventral arms: a probably-mature 900 mm ML male trawled on the Fladen Ground, northern North Sea (caught 1982) had spermatangia implanted 180-350 mm from the ventral arm base, and South African males also carried implants, mostly within reach of the terminal organ opening — interpreted as accidental/self-induced implantation.",B,"Hoving, Lipinski & Dam, Basteria 70 (Fladen Ground male); Hoving et al. 2004, Journal of Zoology",2006,peer-reviewed,inferred,high,"'Self-implantation' is an inference from implant location; same-sex mating by another male cannot be strictly excluded, though proximity to the animal's own terminal organ opening favors self-implantation.",https://www.rug.nl/research/ocean-ecosystems/research/publications/artikelen/hovingbasteria702006.pdf
REP-09,A mechanistic basis for 'autotraumatic' implantation exists in deep-sea squid: Hoving et al. (2007) showed in freshly caught Moroteuthis (Onykia) ingens that spermatophores have an autonomous mechanism enabling them to migrate into body tissue without external force — commonly invoked to explain how Architeuthis spermatangia embed in skin.,D,"Hoving, Laptikhovsky et al., 'Getting Under the Skin: Autonomous Implantation of Squid Spermatophores', The Biological Bulletin",2007,peer-reviewed,inferred,high,"Demonstrated in a different species (M. ingens), not in Architeuthis itself; application to Architeuthis is inference by analogy.",none found
REP-10,"How sperm from spermatangia embedded in a female's skin ultimately reach and fertilize the eggs at spawning is unknown for Architeuthis; no functional seminal receptacle pathway has been demonstrated, and the fertilization mechanism is treated as unresolved in reviews (Roper & Shea 2013; Murai et al. 2021 discuss possibilities in light of postcopulatory sexual selection).",D,"Roper & Shea, American Malacological Bulletin 31(1):109-122",2013,peer-reviewed,inferred,high,Negative/knowledge-gap claim; could be overturned by a single future observation of spawning.,10.4003/006.031.0104
REP-11,"Potential fecundity of female Architeuthis is in the millions: 3.5-6.2 x 10^6 oocytes estimated from South African females, with small eggs, short oviducts and three to four modal oocyte size classes per ovary suggesting intermittent (extended) spawning rather than one-shot spawning.",B,"Hoving et al., Journal of Zoology",2004,peer-reviewed,direct,high,"Potential (ovarian) fecundity from subsample counts, not realized fecundity; one secondary rendering gives the range as 3.7-6.1 million — the abstract figure 3.5-6.2 x 10^6 is used here; number of females contributing to the estimate not confirmed in this audit.",10.1017/S0952836904005710
REP-12,"Architeuthis eggs are very small for such a large animal: compilations report eggs ~0.5-1.4 mm long and ~0.3-0.7 mm wide depending on maturity stage, with mature ova reported around 1.5 mm and one female carrying over 5,000 g of eggs (well over a million) in her ovary; all reported ripe-egg sizes are under ~2 mm.",B,Animal Diversity Web account of Architeuthis dux (compiling O'Shea and primary literature); consistent with 'small eggs' in Hoving et al. 2004,2004,other,direct,medium,Exact egg-size measurements were only reachable through secondary compilations in this audit (primary measurement tables not directly opened); figures vary with maturity stage and study.,https://animaldiversity.org/accounts/Architeuthis_dux/
REP-13,No spawning event and no egg mass of Architeuthis has ever been confirmed in the wild; the widely repeated idea that females release eggs in a large gelatinous mass is a hypothesis based on the large nidamental glands and analogy with other large oceanic squids.,D,O'Shea (TONMO review of Architeuthis reproduction); Roper & Shea 2013; Animal Diversity Web,2013,other,inferred,high,"Negative claim — absence of a confirmed record as of this audit (2026-08-30); fragile gelatinous masses are unlikely to survive nets, which could explain non-detection rather than non-existence.",10.4003/006.031.0104
REP-14,"Large (~1 m diameter) drifting gelatinous spheres repeatedly filmed by divers in the NE Atlantic and Mediterranean (90 records, 1985-2019) — sometimes speculated in the press to be giant squid eggs — were genetically confirmed in 2021 (COI, from four tissue samples taken off Norway in 2019) as egg masses of the ommastrephid squid Illex coindetii, not Architeuthis.",B,"Ringvold, Taite, Allcock et al., Scientific Reports 11",2021,peer-reviewed,direct,high,"Only four spheres were genetically sampled; identity of every historical sphere is not individually proven, but none has ever been attributed to Architeuthis on evidence.",10.1038/s41598-021-86164-8
REP-15,"The smallest known giant squid are five paralarvae of 6.7-8.8 mm mantle length from New Zealand waters, formally described (with ontogenetic comparisons) only in 2022 by O'Shea, Lu, Clarke & Kubodera in Marine Biodiversity 52:47.",B,"O'Shea, Lu, Clarke & Kubodera, 'Description of paralarval giant squid Architeuthis dux...', Marine Biodiversity 52(5):47",2022,peer-reviewed,direct,high,Specimens were collected in the early 2000s but the formal description lagged ~20 years; the identification method (morphology vs DNA) for each specimen was not directly verifiable in this audit because the full text could not be opened.,10.1007/s12526-022-01287-z
REP-16,"In 2001 Steve O'Shea's team captured live Architeuthis paralarvae (reported at ~9-13 mm) in surface waters off the New Zealand coast (Kaikoura region), but all died within days — before or shortly after reaching shore; tank shape and toxic polyethylene walls were later blamed.",B,Press and encyclopedia accounts (Te Ara Encyclopedia of New Zealand; accounts of the 2001 expedition reproduced by kottke.org from long-form journalism),2001 (event); sources 2013-2018,press,direct,medium,Event is documented only in press/encyclopedia sources traced here; the specimens themselves were later covered by the 2022 formal description; exact counts and sizes vary between accounts.,https://teara.govt.nz/en/photograph/7935/juvenile-giant-squid
REP-17,"The first records of small YOUNG giant squid from Japanese waters are three individuals caught April-June 2013: one of 140.8 mm ML off Uchinoura (Kagoshima, Kyushu) and two of ~332 mm ML off Hamada (Shimane, SW Sea of Japan), identified by morphology and supported by genetic analysis (Wada et al. 2015, Marine Biodiversity Records) — these are juveniles, not paralarvae.",B,"Wada et al., 'First records of small-sized young giant squid Architeuthis dux from the coasts of Kyushu Island and the south-western Sea of Japan', Marine Biodiversity Records 8",2015,peer-reviewed,direct,high,Orchestrator lead calling these 'DNA-confirmed paralarvae' is imprecise: at 140-332 mm ML they are young juveniles; genuine paralarvae (<10 mm) are known only from New Zealand material.,10.1017/S175526721500127X
REP-18,"A species-specific real-time PCR primer-probe for Architeuthis dux environmental DNA was developed and successfully detected A. dux eDNA in field water samples from the Sea of Japan, giving an indirect tool for locating giant squid (including the winter Sea-of-Japan aggregation associated with reproduction-season strandings).",C,"'Exploring a legendary giant squid: an environmental DNA approach', Marine Biology (Wada and colleagues)",2020,peer-reviewed,direct,medium,"Full author list not confirmed in this audit; eDNA shows presence, not reproductive activity; link to spawning is interpretive.",10.1007/s00227-020-03773-z
REP-19,"Growth rings ('increments') in Architeuthis statoliths were first reported by Jackson, Lu & Dunning (1991, The Veliger 34(4):331-334), founding all subsequent statolith-based age work on the genus.",D,"Jackson, Lu & Dunning, The Veliger 34(4):331-334",1991,peer-reviewed,inferred,high,"Increment periodicity was not validated; the paper itself could not be opened (pre-digital journal), citation reconstructed from multiple citing works.",none found
REP-20,"Three mature male Architeuthis (975-1084 mm ML) trawled west of Ireland in 1995 yielded statolith ages of well under 1.5 years when putative increments were read as daily, with percentage daily growth rates of 2.96-4.25%, which the authors interpreted as a short life cycle with extremely rapid growth (Lordan, Collins & Perales-Raya 1998).",D,"Lordan, Collins & Perales-Raya, Journal of the Marine Biological Association UK 78:903-917",1998,peer-reviewed,inferred,medium,The exact day range is garbled in every indexed rendering encountered ('294-122 d'); ages depend entirely on the unvalidated one-increment-per-day assumption; specimens establish that males are already mature at ~1 m ML.,10.1017/S0025315400044866 (derived from Cambridge article ID; not independently confirmed)
REP-21,"A sectioned statolith from one of three female Architeuthis (caught off Tasmania, Jan-Mar 1996) showed 351 growth increments grouped into check-ring structures every 10-16 increments — implying an age near 1 year IF increments are daily (Landman et al. 2004).",D,"Landman et al., 'Habitat and age of the giant squid (Architeuthis sanctipauli) inferred from isotopic analyses', Marine Biology 144:685-691",2004,peer-reviewed,inferred,high,Single sectioned statolith; increment periodicity unvalidated for Architeuthis.,10.1007/s00227-003-1245-y
REP-22,"Bomb-radiocarbon in the same Tasmanian statoliths (Delta-14C = +22.9 to +44.6 per mil, i.e., post-bomb carbon) combined with a depth/temperature model gave possible ages far exceeding one year — reported model ages spanning roughly 13-38 years with <14 years considered most likely — directly conflicting with sub-annual daily-increment readings; the authors stressed the model is extremely dependent on assumptions about depth and statolith growth.",D,"Landman et al., Marine Biology 144:685-691",2004,peer-reviewed,inferred,low,"Exact model-age numbers come from a search-engine rendering of the abstract and could be garbled (e.g., '13-38' vs '1.3-3.8 years' could not be excluded by direct reading, though '<14 years' as the preferred upper bound is echoed in multiple independent secondary sources); the delta-18-O habitat temperatures (10.5-12.9 C, ~125-250 m average depth) are better attested.",10.1007/s00227-003-1245-y
REP-23,"Beak micro-increment analysis of 10 Architeuthis (reconstructed DML 823-1418 mm, caught 1995-2006) gave ages of 411-674 days assuming daily deposition (~1.1-1.8 years), an average growth of ~1.97 mm DML per day, and an extrapolated age of ~3 years for the largest measured specimens in the literature (~2400 mm DML) (Perales-Raya et al. 2020, Bulletin of Marine Science 96(2)).",D,"Perales-Raya et al., 'How old are giant squids? First approach to aging Architeuthis beaks', Bulletin of Marine Science 96(2)",2020,peer-reviewed,inferred,high,"Daily deposition of beak rostrum increments is validated in Octopus vulgaris and some squids but NOT in Architeuthis; upper-jaw increment erosion complicates counts (lower jaws recommended); ~3-year figure is an extrapolation, not a measured age.",10.5343/bms.2019.0041
REP-24,"Energy-balance growth modeling ('How long would it take to become a giant squid?', Grist & Jackson 2007) projected lifespans of roughly 3-6 years to reach average Architeuthis body mass — intermediate between sub-annual/1-2-year increment-based estimates and the up-to-14-year radiocarbon-permitted ages.",D,"Grist & Jackson, Reviews in Fish Biology and Fisheries 17",2007,peer-reviewed,inferred,medium,"Pure modeling from metabolic/energetic assumptions, calibrated on other squids; the precise 3-6 year range is taken from secondary renderings of the paper.",10.1007/s11160-007-9046-x
REP-25,"There is genuine, unresolved disagreement in the peer-reviewed literature on Architeuthis lifespan, with published estimates ranging from under ~1 year (Irish statoliths read as daily) through ~1.1-3 years (beak increments), 3-6 years (growth models), up to <=14 years (bomb-radiocarbon model) — 'many estimates of maximum age ranging from 1 to 14 years' per Perales-Raya et al. 2020.",D,Synthesis across Lordan et al. 1998; Landman et al. 2004; Grist & Jackson 2007; Perales-Raya et al. 2020; Roper & Shea 2013,2020,peer-reviewed,inferred,high,No method is validated end-to-end for this species; the disagreement itself is the robust finding.,10.5343/bms.2019.0041
REP-26,"The one-increment-per-day assumption underlying all statolith and beak ages for Architeuthis has never been directly validated for this species (validation requires chemical marking of live animals over known time, impossible so far because no giant squid has been maintained alive), so all published ages are assumption-dependent.",D,"Explicitly acknowledged in Lordan et al. 1998 ('putative daily growth increments'), Perales-Raya et al. 2020 ('assuming daily deposition'), and reviews (Roper & Shea 2013)",2013,peer-reviewed,inferred,high,"Daily periodicity IS validated in several other (smaller, shallower) cephalopods, which is the basis for extending it; temperature and depth effects on deposition in cold deep water are unknown.",10.4003/006.031.0104
REP-27,"If increment-based ages are even approximately right, Architeuthis growth is extraordinarily fast: ~1.97 mm of mantle length per day on average (Perales-Raya et al. 2020) and instantaneous growth rates of ~3-4% per day (Lordan et al. 1998), taking the animal from a ~1.5 mm egg to hundreds of kilograms in one to a few years.",D,Perales-Raya et al. 2020; Lordan et al. 1998,2020,peer-reviewed,inferred,medium,"Wholly conditional on increment periodicity; radiocarbon-permitted older ages would imply much slower growth; note fast growth is common in smaller squids, so the inference is not biologically absurd.",10.5343/bms.2019.0041
REP-28,"Stable-isotope profiles along upper beaks of four A. dux (Bay of Biscay and Namibia) show delta-15N rising from lowest values at the rostral tip along each profile (range 5.5-13.4 per mil; delta-13C -14.4 to -17.8 per mil), indicating an ontogenetic shift early in life from smaller, lower-trophic prey to larger higher-trophic prey — consistent with rapid trophic ascent during growth.",D,"Guerra et al., 'Life-history traits of the giant squid Architeuthis dux revealed from stable isotope signatures recorded in beaks', ICES Journal of Marine Science 67:1425-1431",2010,peer-reviewed,inferred,high,"n=4; isotope profiles give relative ontogenetic trajectory, not absolute age.",10.1093/icesjms/fsq091
REP-29,"Sexual size dimorphism at maturity is pronounced: males mature at much smaller size than females (Hoving et al. 2004); documented mature males include 975-1084 mm ML (Ireland) and ~900 mm ML/18 kg (North Sea), whereas females attain roughly twice that mantle length and several times the mass; precise female size/age at maturity remains poorly quantified.",B,Hoving et al. 2004; Lordan et al. 1998; Hoving et al. 2006,2004,peer-reviewed,direct,high,Female maturity thresholds are not pinned to specific ML/mass values in the sources this audit could open; 'much smaller' is the authors' qualitative statement backed by specimen data.,10.1017/S0952836904005710
REP-30,"The male reproductive tract of A. dux contains a previously unknown cell type: the lumens of the spermatophoric complex are filled with adipocyte-like, lipid-droplet-enriched accessory cells (~25% lipid by cell volume) of unknown function (Hirohashi et al. 2025).",B,"Hirohashi et al., 'Discovery of adipocyte-like accessory reproductive cells in male giant squid', microPublication Biology",2025,peer-reviewed,direct,high,"Very recent micro-publication; functional role (e.g., nourishing spermatophores) untested.",https://www.micropublication.org/journals/biology/micropub-biology-001494/
REP-31,"No giant squid has ever been kept successfully in captivity or displayed in an aquarium; the only known live-holding attempts are the New Zealand paralarval captures around 2001 (all animals died rapidly), and O'Shea subsequently developed deep-sea-squid husbandry methods on smaller species while maintaining that captive rearing of Architeuthis is possible in principle.",E,Press/encyclopedia accounts (Te Ara; Engineering & Technology Magazine 2018; kottke.org 2013 reproducing long-form journalism),2018,press,inferred,medium,"Universal negative claim circulating only in secondary/press sources, but no counterexample was found anywhere in this audit; 'all died quickly' is well supported for the 2001 attempt specifically.",https://eandt.theiet.org/2018/07/18/capturing-kraken-hunt-elusive-giant-squid
SWH-01,"Architeuthis (giant squid) beaks and flesh remains are repeatedly documented in sperm whale stomachs across many ocean regions (New Zealand, Tasman Sea, Azores, Madeira, Hawaii, Cornwall, Ireland), establishing sperm whale predation on giant squid as a physical-evidence fact.",B,"Gaskin & Cawthorn, NZ J Mar Freshw Res; Clarke et al., Phil Trans R Soc B (Azores); Clarke et al., JMBA (Penzance, Hawaii); Santos et al., JMBA",1967-2002,peer-reviewed,direct,high,"Beak counts measure ingestion, not the mechanics of capture; beaks accumulate and may over-represent hard-part retention.",https://consensus.app/papers/details/0c8c5c3afb255083bb70ed0ec911ea9f/?utm_source=claude_desktop
SWH-02,"In the largest quantitative North Atlantic study (17 Azores whales, 28,738 cephalopods; Clarke, Martins & Pascoe 1993), Architeuthidae ranked only third by estimated mass at 12.1% of the cephalopod diet, behind Octopoteuthidae (39.8%) and Histioteuthidae (32.7%).",B,"Clarke, Martins & Pascoe, Phil. Trans. R. Soc. Lond. B (diet of sperm whales off the Azores)",1993,peer-reviewed,direct,high,"Whales taken in commercial whaling 1981-1984; mass percentages are estimated from beak-size regressions, not weighed flesh.",https://consensus.app/papers/details/0c8c5c3afb255083bb70ed0ec911ea9f/?utm_source=claude_desktop
SWH-03,"The modal mass of individual cephalopods eaten by Azores sperm whales was 400-450 g (about 0.00001 of whale body mass), showing that typical sperm whale prey are small squid, not giants; Clarke et al. inferred ~77% of food comes from luminous, slow-swimming, neutrally buoyant squid and only ~23% from chasing larger, faster cephalopods.",B,"Clarke, Martins & Pascoe, Phil. Trans. R. Soc. Lond. B",1993,peer-reviewed,direct,high,The 77%/23% split is an inference (category D) layered on the beak data; masses estimated from beaks.,https://consensus.app/papers/details/0c8c5c3afb255083bb70ed0ec911ea9f/?utm_source=claude_desktop
SWH-04,"The general pattern across quantitative studies is that Architeuthis is a minor component of sperm whale diet BY NUMBER but a disproportionately large component BY ESTIMATED MASS: e.g., Hawaii (2 whales): 0.7% by number vs 26.5% by weight; Azores: 12.1% by mass, third-ranked family.",B,"Clarke et al., JMBA (Hawaiian odontocetes); Clarke, Martins & Pascoe, Phil Trans R Soc B",1993-1998,peer-reviewed,direct,high,"Sample sizes per region vary enormously (2 whales in Hawaii); 'minor by number, large by mass' is a synthesis across heterogeneous studies, not a single measured global figure.",https://consensus.app/papers/details/d6590f82ed6b50b889b1953ba7b3d450/?utm_source=claude_desktop
SWH-05,"The 'always minor' framing has real exceptions: a single adult male sperm whale stranded at Penzance, Cornwall contained Architeuthis at 42.7% of lower beaks by number and 82.2% by estimated weight (estimated mantle lengths of its squid prey 126-1056 mm).",B,"Clarke & Pascoe, J. Mar. Biol. Assoc. UK (Penzance sperm whale)",1997,peer-reviewed,direct,high,"One stranded individual (110 lower beaks total); a stranded whale's last meals may be atypical. Shows individual/regional variability, not a global average.",https://consensus.app/papers/details/ec4397bd1f5a5d7182ed19ed2035a9a1/?utm_source=claude_desktop
SWH-06,"In the Tasman Sea study of 66 commercially caught sperm whales (Clarke & MacLeod), three large species — Taningia danae, Kondakovia longimana and an Architeuthis species — together contributed about 80% of the flesh weight represented by lower beaks, while four smaller species dominated by number.",B,"Clarke & MacLeod 1982, Memoirs of the National Museum of Victoria 43:25-42 (venue corrected by verification pass)",1982,peer-reviewed,direct,medium,"Consensus database records of this paper are OCR-garbled (author fields corrupted, dates listed as 2017/2020); year 1982 taken from Cherel (2021), which cites it as 'Clarke and MacLeod (1982)'. Content of abstract is intact and consistent across two duplicate records.",https://consensus.app/papers/details/1b018b643c4f5f09b4f15edb4ff7e03f/?utm_source=claude_desktop
SWH-07,"Malcolm Clarke's Southern Hemisphere monograph (Discovery Reports, 1980) and Clarke & MacLeod (1982) are the foundational quantitative datasets on sperm whale cephalopod diet; Cherel's 2021 taxonomic revision of those datasets finds subtropical southern sperm whales fed primarily on five histioteuthid species (Histioteuthis atlantica first numerically) plus octopoteuthids, cranchiids and onychoteuthids, with Antarctic whales feeding mainly on Mesonychoteuthis hamiltoni and two onychoteuthids — Architeuthis is not among the numerically dominant prey anywhere in the southern data.",B,"Cherel, Revisiting taxonomy of cephalopod prey of sperm whales caught commercially in subtropical and Southern Ocean waters",2021,peer-reviewed,direct,high,"Clarke (1980) itself could not be opened in this session; its content is characterized here via Cherel (2021) and Whitehead et al. (2003), which both cite it as seminal. Exact Architeuthis percentages in Clarke 1980 were NOT verified and should not be quoted without checking the monograph.",https://consensus.app/papers/details/2aeb2e4779ba506d9cbe3203d802cc85/?utm_source=claude_desktop
SWH-08,"In some regions Architeuthis is essentially absent from sperm whale diet: North Sea-stranded males (17 whales, 1990-96) had eaten almost entirely Gonatus (no Architeuthis reported), and nine Mediterranean whales stranded in Greece were dominated by Histioteuthis bonnellii (48.4% N, 66.3% W) with no Architeuthis among the 18 prey species.",B,"Santos et al., Mar Ecol Prog Ser (North Sea); Foskolos et al., Deep-Sea Res I (Greece)",1999; 2020,peer-reviewed,direct,high,"North Sea whales were migrating and had largely fed elsewhere (Arctic); absence reflects regional prey fields, not whale preference tests.",https://consensus.app/papers/details/5d6b1cc95c2e57499293880c4967d46f/?utm_source=claude_desktop
SWH-09,"Fresh and near-intact cephalopod material (whole animals, detached heads and bodies, 'crowns' of arms, buccal masses) is routinely recovered from sperm whale stomachs — flesh was present in 94.1% of Azores stomachs — so whale stomachs have served as a genuine collecting method for deep-sea squid, including large species.",B,"Clarke & MacLeod (Tasman Sea); Clarke, Martins & Pascoe (Azores); Clarke, Nature (Lepidoteuthis from a Madeira whale stomach)",1960-1993,peer-reviewed,direct,high,Abstracts confirm near-intact cephalopods generally; they do not itemize which intact specimens were Architeuthis.,https://consensus.app/papers/details/a58b87eac94f54168544834157cd3bd0/?utm_source=claude_desktop
SWH-10,"The most-cited case of an intact giant squid from a sperm whale stomach is Robert Clarke's report of a large Architeuthis (commonly quoted as ~10.5 m total length, ~184 kg) recovered from a whale taken off the Azores in July 1955, published in Norsk Hvalfangst-Tidende (1955); Malcolm Clarke's 1960 Nature note independently confirms that 'Dr. R. Clarke' was collecting squid from Azores whale stomachs in that period.",B,"R. Clarke, 'A giant squid swallowed by a sperm whale', Norsk Hvalfangst-Tidende 44; corroborating context in M. Clarke, Nature",1955,expedition report,direct,medium,The primary 1955 article was NOT accessible in this session (network egress blocked); the specific length/weight figures come from my prior knowledge of the secondary literature and must be checked against the original before quoting. The general practice (R. Clarke collecting from Azores whale stomachs) is verified via the 1960 Nature note.,none found
SWH-11,"Circular sucker scars attributed to squid are documented on sperm whale skin in the peer-reviewed literature: Roe (1969) found squid-attributed scars on the heads and bodies of 6 of 57 male sperm whales caught off west Iceland, noting that 'some of these scars are abnormally large, and others cannot be caused by any known species of north Atlantic squid.'",C,"Roe, ICES Journal of Marine Science (Food and feeding habits of sperm whales taken off the west coast of Iceland)",1969,peer-reviewed,direct,high,"Scars found on only ~11% of whales in that sample; attribution to squid is by scar morphology, not witnessed encounters; the abstract gives no scar measurements.",https://consensus.app/papers/details/ef6d55b1cfbe59aeb2c2011471e0c27c/?utm_source=claude_desktop
SWH-12,"The popular inference chain 'very large sucker scars on whales imply giant squid of 30-50+ m' is unsupported: (a) scar diameters larger than the suckers of any measured Architeuthis specimen (whose largest suckers are in the few-centimetre class) circulate mainly in whalers' anecdotes and popular books, not in measured datasets; (b) scars laid down on a young whale can enlarge as the whale's skin grows; (c) in the Southern Ocean, large scars may come from the hook-bearing colossal squid Mesonychoteuthis rather than Architeuthis.",E,"Critique synthesized from Roe 1969 (scars documented but anomalous), Cherel 2021 (Mesonychoteuthis dominance in Antarctic diet), and the absence of any peer-reviewed scar-measurement study recovered in this search",1969-2021,other,inferred,medium,"The E rating applies to the giant-scar-implies-giant-squid claim itself. The debunking rationale (scar growth with whale growth; max sucker sizes ~5 cm) is standard in the specialist literature (e.g., Roper, Ellis, O'Shea) but I could not open those texts this session to anchor exact figures; do not quote a specific maximum sucker diameter from this pass.",none found
SWH-13,"No predation event — a sperm whale capturing, killing, or eating a giant squid — has ever been directly observed or filmed by scientists; all knowledge of the interaction is reconstructed from stomach contents, scars, tag data, and inference.",B,"Absence across the entire retrieved literature, including modern Dtag studies explicitly designed to characterize prey capture (Miller et al. 2004; Watwood et al. 2006; Fais et al. 2016)",2004-2016,peer-reviewed,inferred,high,A negative claim bounded by this review's search coverage (through Jan 2026 knowledge and searches run in this session); tag studies record acoustic/kinematic signatures of capture attempts but cannot identify prey species. The B category refers to the evidence that predation occurs at all; the observation itself remains absent.,https://consensus.app/papers/details/4c6b104e27ec58759ff5ab9573b271ea/?utm_source=claude_desktop
SWH-14,"Accounts of titanic surface battles between sperm whales and giant squid derive from whaler and naturalist anecdote — the most famous being Frank Bullen's 'The Cruise of the Cachalot' (1898) — and are uncorroborated by any specimen, photograph, or instrumented observation; modern tag data instead show capture attempts occurring at depth during foraging dives.",E,"Bullen, The Cruise of the Cachalot (anecdote); contrast with Miller et al. 2004 and Watwood et al. 2006 (buzzes/creaks concentrated in the deep bottom phase of dives)",1898,book,inferred,high,"Bullen's text not directly accessed this session; his reliability has long been questioned in the secondary literature (e.g., by Richard Ellis) — verify the exact passage before quoting. Whales do sometimes vomit large squid remains at the surface when harpooned or stressed, which likely seeded such stories.",none found
SWH-15,"Malcolm Clarke's synthesis (1996) concluded that the biomass of oceanic cephalopods consumed annually by sperm whales alone 'may be over twice the biomass of fish caught by man' — a broad, explicitly approximate estimate, not a measurement.",D,"Clarke, 'Cephalopods as prey. III. Cetaceans', Phil. Trans. R. Soc. B 351",1996,peer-reviewed,direct,high,"High confidence that Clarke made this estimate (quote from the verified abstract); low-to-medium confidence in the estimate itself, which multiplies uncertain whale population sizes, daily rations, and diet compositions. It concerns ALL cephalopods, not Architeuthis specifically.",https://consensus.app/papers/details/1488d9c8918c50038012c2938e23e80b/?utm_source=claude_desktop
SWH-16,"An earlier version of Clarke's calculation put the cephalopod consumption of the ~500,000 southern-hemisphere sperm whales at about 50 million tonnes per year (roughly three-quarters of then-current world fisheries production), as relayed by Roper (1981) citing 'Clarke's calculations (Voss 1973, p. 61)'.",D,"Roper, Cephalopods of the southern ocean region (BIOMASS report), quoting Clarke via Voss 1973",1981,expedition report,inferred,medium,"Second-hand citation chain (Roper -> Voss -> Clarke); the original locus of the calculation (Clarke's early-1970s work vs. Clarke 1977 'Beaks, nets and numbers') was not pinned down this session. Both the 50 Mt and the later '>2x world fisheries' figures circulate; they are different vintages of the same estimation exercise, not independent confirmations.",https://consensus.app/papers/details/28eee7107a5d5875875331686cb5e62c/?utm_source=claude_desktop
SWH-17,"Formal error analysis exists and is sobering: Santos, Clarke & Pierce (2001) reviewed global and regional cephalopod-consumption estimates for top predators and showed via bootstrap simulation (sperm whales, northern NE Atlantic) that the resulting confidence limits are 'discouragingly wide'.",D,"Santos, Clarke & Pierce, 'Assessing the importance of cephalopods in the diets of marine mammals and other top predators', Fisheries Research 52",2001,peer-reviewed,direct,high,"The paper quantifies uncertainty for cephalopods overall; no study provides a defensible estimate of GIANT SQUID (Architeuthis-specific) numbers eaten per year — any such figure in circulation is derived, not measured.",https://consensus.app/papers/details/8f781c8ed6a6599f8a33c7d77ce0ddc5/?utm_source=claude_desktop
SWH-18,"Regional consumption modeling illustrates scale: assuming stranded-whale diet was representative, Santos et al. (1999) estimated sperm whales could remove up to ~500,000 t of Gonatus squid per year in Norwegian waters and up to three times that in the eastern North Atlantic.",D,"Santos et al., Mar Ecol Prog Ser 183",1999,peer-reviewed,direct,high,"Explicitly assumption-laden ('assuming that the diet recorded... was representative'); applies to Gonatus, not Architeuthis — included as a worked example of how such predation-pressure numbers are built.",https://consensus.app/papers/details/5d6b1cc95c2e57499293880c4967d46f/?utm_source=claude_desktop
SWH-19,"There is no documented case of a giant squid killing, or inflicting more than superficial injury on, a sperm whale; the physical evidence of squid resistance is limited to skin scarring, and stories of squid drowning or strangling whales are unverifiable anecdote.",C,Roe 1969 (scars superficial enough to heal and persist); absence of any contrary case in the retrieved literature,1969-2026,peer-reviewed,inferred,medium,"Negative claim; whale carcasses are rarely necropsied at sea, so a rare fatal outcome could go undetected. The C rating covers the scar evidence; the 'never kills' generalization is inference from absence.",https://consensus.app/papers/details/ef6d55b1cfbe59aeb2c2011471e0c27c/?utm_source=claude_desktop
SWH-20,"Sperm whales hunt at depth using echolocation: Dtagged whales produced regular clicks for ~81% of foraging dives and 'creak'/buzz vocalizations tightly associated with prey-capture attempts (~18 buzzes per dive on average), with 99.8% of creaks in the deepest 50% of dives; regular clicking begins on average 392 m above the first buzz, supporting long-range biosonar search.",C,"Miller, Johnson & Tyack, Proc R Soc B; Watwood et al., J Anim Ecol",2004; 2006,peer-reviewed,direct,high,"Prey species at the end of each buzz are unidentified; this establishes the hunting mechanism generally, and its application to Architeuthis capture specifically is inference.",https://consensus.app/papers/details/aa1934cdca355a27b5ad37c52a0c9a0b/?utm_source=claude_desktop
SWH-21,"Squid are adequate sonar targets for sperm whale biosonar: measured dorsal target strengths of Loligo pealeii (23-26 cm mantle) were -38 to -44 dB, sufficient for individual detection at 25-325 m; Madsen et al. hypothesized that some deep-water squid have low-muscle bodies partly as passive 'acoustic crypsis' against echolocating predators.",D,"Madsen et al., 'Clicking for calamari: toothed whales can echolocate squid Loligo pealeii', Aquatic Biology 1",2007,peer-reviewed,direct,high,"Measured on a small shallow-water squid; target strength of a multi-metre muscular Architeuthis has never been measured (it would presumably be a stronger target). Acoustic-crypsis idea is a hypothesis, not a tested result.",https://consensus.app/papers/details/3b13da971c0d5e5e902f519979f25da3/?utm_source=claude_desktop
SWH-22,"The acoustic-stunning/debilitation hypothesis (whales stunning squid with intense clicks) has been tested and rejected on two independent lines: played-back echolocation clicks at received levels up to 226 dB re 1 uPa (pp) neither debilitated nor elicited any anti-predator response in squid (Wilson et al. 2007), and tagged sperm whales REDUCE click source levels by 1-2 orders of magnitude during terminal buzzes, so received levels at prey are more than an order of magnitude below debilitation thresholds (Fais et al. 2016).",D,"Wilson et al., Biology Letters; Fais et al., Scientific Reports ('...chasing and buzzing, but no acoustic stunning')",2007; 2016,peer-reviewed,direct,high,"Playback tests used Loligo pealeii, not Architeuthis; Fais et al.'s prey were unidentified. Rejection is robust for the tested regime but is an extrapolation for giant squid specifically.",https://consensus.app/papers/details/4c6b104e27ec58759ff5ab9573b271ea/?utm_source=claude_desktop
SWH-23,"Squid hearing has been measured only in other species and shows they cannot hear sperm whale ultrasonic clicks: auditory evoked potentials in longfin squid (Loligo/Doryteuthis pealeii) show detection only of low-frequency particle motion between ~30 and 500 Hz (best 100-200 Hz), via the statocyst acting as an accelerometer — squid detect no sound pressure and nothing in the tens-of-kHz band of echolocation clicks.",D,"Mooney et al., 'Sound detection by the longfin squid... sensitivity to low-frequency particle motion and not pressure', J Exp Biol 213",2010,peer-reviewed,direct,high,EXTRAPOLATION FLAG: no hearing measurement exists for Architeuthis; the inference that giant squid are likewise deaf to clicks rests on shared statocyst anatomy across squid. Behavioral follow-up (Mooney et al. 2016) confirmed responses only to 80-1000 Hz sounds in D. pealeii.,https://consensus.app/papers/details/f76d4e4925d45794be1b340e758e07da/?utm_source=claude_desktop
SWH-24,"Consequently, the current mechanistic picture of the interaction is asymmetric sensory warfare: the whale detects squid at range with biosonar the squid probably cannot hear, and squid (per a 2023 review) are generally 'unresponsive to toothed whale signals, but can instead sense water movements generated by an approaching predator' — i.e., last-moment hydrodynamic detection only.",D,"Moss et al., 'Adaptive echolocation behavior of bats and toothed whales in dynamic soundscapes', J Exp Biol (Centenary Review); Wilson et al., Frontiers in Physiology (convergent evolution review)",2013; 2023,peer-reviewed,inferred,medium,Synthesis built entirely on non-Architeuthis species; whether a giant squid's large statocysts or lateral-line-analogue epidermal receptors give it better low-frequency or hydrodynamic warning is untested.,https://consensus.app/papers/details/258bad471ebd564f848bc5e87df14ff6/?utm_source=claude_desktop
SWH-25,"Sperm whale foraging depths broadly overlap the verified depth range of Architeuthis: tagged whales' maximum dive depths averaged 985 m (Atlantic), 644 m (Gulf of Mexico) and 827 m (Ligurian Sea), with male whales off Norway diving 14-1860 m and emitting capture buzzes at 17-1860 m; live Architeuthis have been recorded attacking bait at 900 m off the Ogasawara Islands and encountered by camera platforms at 557-950 m in the Caribbean region.",D,"Watwood et al., J Anim Ecol; Teloni et al., J Exp Mar Biol Ecol; Kubodera & Mori, Proc R Soc B; Robinson et al. (unobtrusive camera platforms)",2005-2021,peer-reviewed,inferred,high,"Depth overlap is a co-occurrence argument assembled from separate datasets; no study has simultaneously tracked both species. Architeuthis depth records are few, and Sea-of-Japan records show the species also occurs much shallower (50-300 m in nets) in anomalous events.",https://consensus.app/papers/details/aa1934cdca355a27b5ad37c52a0c9a0b/?utm_source=claude_desktop
SWH-26,"The first wild photographs of a live giant squid (Kubodera & Mori 2005) showed an Architeuthis >8 m attacking bait at 900 m — within typical sperm whale foraging depths — and revealed it as an active, striking predator, which bears on the interaction by implying giant squid are mobile, resisting prey rather than passive drifting targets.",A,"Kubodera & Mori, 'First-ever observations of a live giant squid in the wild', Proc R Soc B 272",2005,peer-reviewed,direct,high,One individual at one site; 'active predator' from a baited encounter; the widely repeated detail that the camera site was chosen by following sperm whales was not confirmable from the abstract this session — verify in the full paper before asserting.,https://consensus.app/papers/details/3389109393aa50aabe89dba364113d84/?utm_source=claude_desktop
SWH-27,"Sperm whale diet studies imply whales preferentially take easy, abundant prey and that large muscular squid like Architeuthis are the energetically expensive minority pursuit: Mediterranean whales' prey were overwhelmingly 'gelatinous, slow-swimming and small', and Azores data support mostly low-effort feeding — consistent with giant squid being an opportunistic, high-payoff catch rather than a staple.",D,"Foskolos et al., Deep-Sea Res I; Clarke, Martins & Pascoe, Phil Trans R Soc B",1993; 2020,peer-reviewed,inferred,medium,"'Opportunistic high-payoff catch' is an interpretive frame; whether whales actively hunt Architeuthis, encounter it incidentally, or partly take moribund post-spawning animals is unresolved (the moribund-prey idea is itself speculation).",https://consensus.app/papers/details/cce59eff1a085f75a8ee7fc19a5a65be/?utm_source=claude_desktop
SWH-28,"Methodological caveat governing ALL diet-fraction findings: beak-based diet reconstruction carries known biases — beaks resist digestion and can accumulate (inflating counts of retained species), size/mass are estimated from beak dimensions via regressions, and whale-caught samples are themselves size-biased toward larger cephalopods relative to research nets.",D,"Clarke, 'Cephalopod biomass — estimates from predation', Memoirs Natl Mus Victoria; Santos, Clarke & Pierce, Fisheries Research; Whitehead et al., Marine Mammal Science",1983-2003,peer-reviewed,direct,high,"Bias directions differ by question: accumulation could overstate Architeuthis frequency (big beaks retained long), while flesh-digestion rates could understate mass shares; no study has quantified net bias for Architeuthis specifically.",https://consensus.app/papers/details/eecbe5208d91540883c3489fe128784e/?utm_source=claude_desktop
SWH-29,"Sperm whales are, by evidence volume, the single most important historical 'sampler' of Architeuthis ecology after strandings: whaling-era stomach collections (hundreds of whales, tens of thousands of beaks across Clarke's programs) provide most of what is known about where and how often giant squid are eaten, a data stream that ended with commercial whaling and now continues only via strandings and (recently) faecal eDNA.",B,"Cherel 2021 (whaling-era data 'form the basis of our knowledge'); Claver et al. 2025 (faecal DNA metabarcoding as successor method, Marine Mammal Science)",1960s-2025,peer-reviewed,inferred,medium,"The 2025 eDNA study (Azores) detected mainly Histioteuthis bonnellii in sperm whale faeces, not Architeuthis — modern molecular methods have not yet re-detected giant squid in sperm whale diet, which may reflect low predation frequency, DNA degradation, or small sample sizes.",https://consensus.app/papers/details/b2ecbb9e2bf35a95acf336868a10c5b8/?utm_source=claude_desktop
MYT-01,Aristotle's Historia Animalium (4th c. BCE) distinguishes a larger squid 'teuthos' from the common 'teuthis' and reports that the large kind can reach about five ells (~2.3 m) — the earliest surviving written notice of unusually large squid.,E,"Aristotle, Historia Animalium (Book IV)",c. 350 BCE,book,direct,medium,"Rating: supported as a textual fact (standard passage), but the text could not be re-opened this session; UNSUPPORTED as evidence for Architeuthis — 5 ells is far below Architeuthis maxima and equally consistent with large ommastrephid squid; species identification is retrospectively unprovable.",none found
MYT-02,"Pliny the Elder's Naturalis Historia Book 9 (c. 77 CE) recounts a giant 'polypus' at Carteia, Spain, that raided fish-ponds at night and was killed by dogs and men — an octopus tale (with likely exaggerated dimensions), not a squid account, though later kraken literature absorbed it.",E,"Pliny the Elder, Naturalis Historia, Book 9",c. 77 CE,book,direct,medium,"Rating: supported as textual fact; UNSUPPORTED as Architeuthis evidence. The often-quoted specifics (cask-sized head, ~30-ft arms, ~700 lb) are from prior knowledge and were not re-verified this session; do not cite exact figures without checking a translation.",none found
MYT-03,"The Norwegian didactic text Konungs skuggsjá ('King's Mirror', c. 1250) describes the hafgufa: an immense, rarely seen, island-like sea creature said to feed by belching out food-scented spew and waiting with mouth open — a root text of the later kraken tradition, containing no squid-diagnostic anatomy (no arms or tentacles).",E,Konungs skuggsjá (anonymous Norwegian manuscript),c. 1250,book,direct,medium,"Rating: supported as textual fact (content corroborated by verified secondary scholarship, McCarthy et al. 2023 and Szabo 2008); UNSUPPORTED as giant-squid evidence. Original text not accessible this session.",none found
MYT-04,"McCarthy, Sebo & Firth (2023, Marine Mammal Science) identify striking parallels between the Old Norse hafgufa and cetacean trap/tread-water feeding (a whale behavior first scientifically recorded in the 2000s), and trace the tradition back to the aspidochelone of the 2nd-century CE Physiologus — a peer-reviewed argument that the medieval 'kraken ancestor' was based on whales, not giant squid.",D,"McCarthy J., Sebo E., Firth M., 'Parallels for cetacean trap feeding and tread-water feeding in the historical record across two millennia', Marine Mammal Science",2023,peer-reviewed,inferred,high,Rating: supported as a published scholarly analysis (verified via Consensus this session); interpretation of medieval texts is necessarily probabilistic and does not exclude multiple sources feeding the legend.,https://consensus.app/papers/details/0322d7ff1345577585c957d4e891f67d/
MYT-05,"The younger redaction of Örvar-Odds saga (late 13th–14th c.) names two enormous sea creatures, hafgufa and lyngbakr ('heather-back'), mistaken for islands by sailors — kraken-ancestral motifs that likewise lack any squid-diagnostic features.",E,Örvar-Odds saga (younger redaction),c. 1300,book,direct,medium,Rating: supported as a textual fact widely reported in medieval-studies literature; UNSUPPORTED as squid evidence. Saga text and its dating not directly examined this session.,none found
MYT-06,"Hans Egede's 1741 book reports a 'most dreadful monster' seen off Greenland in 1734 (the sighting associated with his son Poul's ship). The peer-reviewed re-analysis by Paxton, Knatterud & Hedley (2005) concludes the description best fits an unfamiliar cetacean — humpback, North Atlantic right whale, or Atlantic grey whale, possibly a male in a state of arousal — not a sea serpent or giant squid; Magin (2023) adds an Arctic-mirage contribution as an alternative/supplement.",E,"Paxton C.G.M., Knatterud E., Hedley S.L., 'Cetaceans, sex and sea serpents...', Archives of Natural History",2005,peer-reviewed,inferred,high,"Rating: the underlying 1734 sighting is an unverifiable anecdote; its identification is DISPUTED among whale/mirage candidates, but the 'giant squid' reading (advanced by Henry Lee in 1883) is effectively UNSUPPORTED in modern analysis. Paxton et al. abstract verified this session; Egede's original not accessible.","10.3366/anh.2005.32.1.1 (DOI from prior knowledge, not live-verified; verified record: https://consensus.app/papers/details/ad8ed6cd3ee95059a52d278fd501287e/)"
MYT-07,"Bishop Erik Pontoppidan's Natural History of Norway (Danish 1752–53; English 1755) presented the kraken as the largest sea creature in the world — back about 'an English mile and a half in circumference', mistaken for islands, with fish so abundant above it that Norwegian fishermen spoke of 'fishing over the kraken', and dangerous whirlpools when it submerged. He compiled fishermen's testimony and related the creature to 'polype' or starfish kinds; he did not describe a squid, and the retrospective identification of his kraken with Architeuthis is a 19th-century construction.",E,"Pontoppidan E., The Natural History of Norway (English translation)",1755,book,direct,medium,"Rating: supported as textual fact (these are the standard, widely quoted elements), but exact quotations were not re-verified this session; UNSUPPORTED as biological evidence for Architeuthis. The mile-scale size is physically impossible for any animal.",none found
MYT-08,"Pierre Denys de Montfort's Histoire naturelle...des Mollusques vol. 2 (1801–02) asserted the existence of a ship-attacking 'poulpe colossal', resting on a votive painting at St. Malo and sailors' tales (including a claimed attack off Angola). His credulity — compounded in later retellings by the story that he attributed warships lost in 1782 to giant octopuses — made giant cephalopods a byword for charlatanry, and historians credit this episode with delaying serious scientific attention until Steenstrup's work in the 1850s.",E,"Denys de Montfort P., Histoire naturelle générale et particulière des Mollusques, vol. 2; assessment per Ellis 1998",1802,book,direct,medium,"Rating: the colossal octopus is UNSUPPORTED; the 'discredited the field' effect is a historians' judgment (Ellis 1998), and Latva (2023) argues the standard horror-kraken narrative around Montfort is itself partly a retrospective construction. The famous '10 warships' boast and deathbed-in-poverty details are poorly sourced and may be legend-about-a-legend; original volume not examined this session.",none found
MYT-09,"On 30 November 1861 the French naval vessel Alecton under Lt. Frédéric Bouyer encountered a large squid alive at the surface off Tenerife, fired on it and got a noose around it; the body tore under strain and the crew retained only a posterior fragment, which was not preserved for science. Bouyer's report was communicated to the French Académie des Sciences (Comptes Rendus, 1861), where it met significant skepticism, yet it is now regarded as an authentic early observation of a living Architeuthis and directly informed Verne's 1870 squid scene.",A,"Bouyer report / communications to Académie des Sciences, Comptes Rendus (Paris), vol. 53; discussed in Ellis 1998 and Salvador & Tomotani 2014",1861,expedition report,direct,medium,"Rating: supported as a documented contemporaneous naval report; details (size estimate ~4–6 m body, exact fate of the fragment, who presented the report to the Académie) rest on period materials I could not re-open this session and vary between secondary accounts. First claimed vs verified: this is the first credible naval eyewitness account, but no physical evidence survives.",none found
MYT-10,"Japetus Steenstrup formally named Architeuthus (now Architeuthis) dux in 1857 from stranded material, converting Scandinavian kraken/sea-monk lore he had himself studied into a described taxon — the pivot point from myth to specimen-based science.",B,"Steenstrup J. (1857), as cited in Roper et al. 2015 and Aldrich 1968 ('Architeuthis dux Steenstrup')",1857,peer-reviewed,direct,high,"Rating: supported — the authority/date '(Steenstrup, 1857)' is corroborated by multiple verified modern papers. Fine details (exact publication venue, nomenclatural availability debates, which 1850s strandings supplied the material) were not re-examined this session.",https://consensus.app/papers/details/d6f5b95f4d08577ea98fa4726b1524b2/ (Roper et al. 2015 compilation using the authority)
MYT-11,"A tentacular arm severed from a live giant squid during the October 1873 encounter with a fishing boat in Conception Bay (Portugal Cove area), Newfoundland, was preserved at St. John's, and material from it reached A.E. Verrill: Verrill (1874) explicitly describes 'one of the long extensile arms preserved in the museum at St. John, Newfoundland, which was cut off from the individual that attacked the boat', and states he possessed some of its suckers — contemporaneous scientific corroboration that the famous dory encounter involved a real Architeuthis and yielded a physical specimen.",B,"Verrill A.E., 'The Giant Cuttle-Fishes of Newfoundland and the Common Squids of the New England Coast', The American Naturalist",1874,peer-reviewed,direct,high,Rating: supported (the quoted passage appeared in the article text retrieved via Consensus this session). Verrill also floated the possibility that a squid later captured at Coombs Cove missing one long arm was the same individual — an unresolvable conjecture.,https://consensus.app/papers/details/0710aeb23c8a51628c12d61fefb71c68/
MYT-12,"The dramatic narrative of the 1873 Conception Bay encounter — the squid 'attacking' the dory of Theophilus Piccot, 12-year-old Tom Piccot's hatchet heroics, and an original tentacle of ~10 m of which only ~19 ft survived — descends chiefly from Rev. Moses Harvey's popularizing letters, articles and lectures and grew in the telling; only the severed-arm fact is independently corroborated by contemporaneous science.",E,"Harvey M., letters and press accounts (Newfoundland and American periodicals, 1873–74); embellishment assessed in Ellis 1998 and Newfoundland historiography",1873,press,direct,medium,Rating: PLAUSIBLE-BUT-UNCONFIRMED that the live animal contacted the boat; the heroic details and tentacle-length arithmetic are DISPUTED and unverifiable. Harvey was an energetic promoter with pecuniary and reputational stakes; his primary texts were not accessible this session.,none found
MYT-13,"In November–December 1873 a nearly complete giant squid taken in a herring net at Logy Bay, Newfoundland, was obtained by Rev. Moses Harvey, who had its head-and-arm crown photographed draped over his sponge bath — the image commonly cited as the first photograph ever taken of a giant squid; the specimen fed directly into Verrill's descriptive work (Verrill 1874 refers to the December capture near St. John's).",B,Verrill 1874 (contemporaneous corroboration of the capture); photograph history per Ellis 1998,1873 (event); 1874 (source),peer-reviewed,direct,high,"Rating: supported for the specimen; 'first photograph of a giant squid' is FIRST-CLAIMED status — widely asserted and plausible, but I found no rigorous priority audit distinguishing it from other 1873–74 Newfoundland photographs.",https://consensus.app/papers/details/0710aeb23c8a51628c12d61fefb71c68/
MYT-14,"A.E. Verrill's monographic treatment of the cephalopods of northeastern America (1879–1881), built on the 1870s Newfoundland material, gave Architeuthis its first thorough specimen-based description in North America; a contemporaneous American Naturalist review (1880) explicitly framed the work as replacing Old-World 'Kraken' legends with 'veritable specimens'.",B,"Anonymous review, 'Verrill's Cephalopods of Northeastern America', The American Naturalist",1880,peer-reviewed,direct,high,Rating: supported (review text retrieved via Consensus). The monograph itself (Trans. Connecticut Acad. Arts & Sciences) was not directly examined this session.,https://consensus.app/papers/details/ba24a4456944591ebe6204e2765eaa4c/
MYT-15,"The classic 'largest giant squid ever' record — about 55 ft (16.8 m) total length at Thimble Tickle, Newfoundland, 2 November 1878 — originates in a second-hand fishermen's report publicized by Moses Harvey; no part of the animal was measured or preserved by scientists, yet the figure was repeated for over a century (including by Guinness) as the cephalopod size record.",E,Harvey's 1878 report as transmitted in later compendia; provenance and criticism discussed in Ellis 1998 and the modern size literature,1878,press,direct,high,"Rating: DISPUTED-to-UNSUPPORTED as a measurement. Modern specialists treat it as unverifiable and probably exaggerated (cf. McClain et al. 2015 on 'inaccurate reports... run rampant'), while Paxton (2016) argues such total lengths are not physically implausible — the disagreement is real and unresolved.",none found
MYT-16,"The 55 ft 2 in (16.8 m) Architeuthis reported from Lyall Bay, New Zealand (1887; published by T.W. Kirk) combined a modest body with enormously long, thin tentacles; modern authorities attribute such totals principally to post-mortem tentacular stretching, so the specimen was real but the total-length figure does not represent live size.",B,"Kirk T.W. (Transactions and Proceedings of the New Zealand Institute, 1887/1888), as re-assessed in the modern size literature (O'Shea; McClain et al. 2015; Paxton 2016)",1887,peer-reviewed,direct,medium,"Rating: DISPUTED. Kirk's original paper was not accessible this session (some sources date the specimen 1886, publication 1888); the 'stretching' critique is the mainstream specialist view but Paxton 2016 contests how much it deflates historical records.",none found
MYT-17,"The '18 m (57–60 ft)' maximum length still common in textbooks and even peer-reviewed reviews descends from the unverified 19th-century Newfoundland and New Zealand reports (Thimble Tickle 1878; Lyall Bay 1887), not from any scientifically measured specimen; the largest well-documented modern totals are roughly 12–13 m, and no scientifically measured mantle length clearly exceeds ~2.8 m.",D,"McClain C.R. et al., 'Sizing ocean giants: patterns of intraspecific size variation in marine megafauna', PeerJ",2015,peer-reviewed,inferred,high,Rating: the 18 m figure is DISPUTED/UNSUPPORTED as fact. Illustration of persistence: the peer-reviewed myth review Salvador & Tomotani (2014) itself repeats 'up to 18m' in its abstract. Exact modern maxima differ slightly between authorities (O'Shea ~13 m female total; McClain ~12 m verified).,"10.7717/peerj.715 (DOI from prior knowledge, not live-verified; verified record: https://consensus.app/papers/details/3779bd45a823519cb482474c9e2b0bf6/)"
MYT-18,"Paxton (2016, Journal of Zoology) statistically re-analyzed length and beak allometry in Architeuthis and argued that a mantle length of 2.79 m is reliably recorded and that 10 m standard length and 'even 20 m total length are eminently plausible' — a minority peer-reviewed position that partially rehabilitates the old giant figures and has been criticized by cephalopod specialists for relying on unverifiable historical measurements and post-mortem stretch.",D,"Paxton C.G.M., 'Unleashing the Kraken: on the maximum length in giant squid (Architeuthis sp.)', Journal of Zoology",2016,peer-reviewed,inferred,high,"Rating: DISPUTED — record this as an active scientific disagreement, not a settled fact. The abstract (verified this session) supports the quoted conclusions; however, I could not verify a formal published rebuttal this session — much of the criticism (e.g., by O'Shea) circulated in informal venues.","10.1111/jzo.12347 (DOI from prior knowledge, not live-verified; verified record: https://consensus.app/papers/details/0f297e27f178548c83eddbc14b5ee04c/)"
MYT-19,"Cryptozoological syntheses — most influentially Bernard Heuvelmans (In the Wake of the Sea-Serpents, French 1965/English 1968; and the posthumously translated The Kraken and the Colossal Octopus, 2003) — argued for squid far beyond the specimen record (tens of metres), leaning heavily on reports of very large circular sucker scars on sperm whales as proxies; the scar inference is invalid because scars enlarge as the whale's skin grows and the scarring species is unidentified, and no specimen has ever supported such sizes.",E,"Heuvelmans B. (1968), as critically discussed in Ellis 1998 (The Search for the Giant Squid)",1968,book,inferred,medium,Rating: UNSUPPORTED (the 'super-squid'). I deliberately give no specific footage figure for Heuvelmans' claims because I could not re-check his text this session; the orchestrator's '60–90 ft' lead should not be quoted without page-level verification. The scar-growth caveat is standard in the specialist literature.,Ellis 1998 scholarly-index identifier incomplete in session log and not resolvable; see the Ellis entry in annotated-bibliography.md
MYT-20,"A huge carcass mass found on the beach near St. Augustine, Florida in late 1896 was promoted by local physician DeWitt Webb and identified by A.E. Verrill — initially as a gigantic octopus, for which he coined Octopus giganteus — before Verrill himself retracted within months in favor of whale-derived tissue; the Pierce et al. (1995) title 'Homage to A. E. Verrill' honors that self-correction.",B,"Pierce S.K. et al., 'On the Giant Octopus (Octopus giganteus) and the Bermuda Blob: Homage to A. E. Verrill', The Biological Bulletin",1896,peer-reviewed,direct,high,"Rating: supported as history (the 1896 object was real, physical, and sampled; preserved tissue survives at the Smithsonian). Period details (exact find date, commonly given as ~30 Nov 1896; mass estimates of several tons) were not re-verified this session.",https://consensus.app/papers/details/5bdc72c3ddb25c2d9489dfe16db21c24/
MYT-21,"Pierce et al. (1995, Biological Bulletin) subjected preserved St. Augustine tissue (and the 1988 Bermuda Blob) to electron microscopy and biochemistry and found masses of virtually pure collagen with vertebrate — not octopus — characteristics, the Florida sample from 'a huge homiotherm', concluding 'there is no evidence to support the existence of Octopus giganteus'; Pierce et al. (2004), adding DNA methods in a comparative study of the Chilean Blob (100% mtDNA nad2 match to sperm whale), concluded that all the famous blobs — St. Augustine, Tasmanian West Coast Monster, two Bermuda Blobs, Nantucket Blob, Chilean Blob — are decomposed whale blubber.",B,"Pierce S.K. et al., 'Microscopic, Biochemical, and Molecular Characteristics of the Chilean Blob...: Nothing but Whales', The Biological Bulletin",2004,peer-reviewed,direct,high,"Rating: supported (both abstracts verified verbatim this session). Nuance: the sperm-whale DNA identification was obtained on the Chilean Blob; the St. Augustine assignment to whale rests on collagen biochemistry/microscopy plus the comparative program, and the 1995 paper itself said only 'huge homiotherm'.",https://consensus.app/papers/details/91b80b5278ea59698f9ab30096416cf0/
MYT-22,"The Octopus giganteus claim persisted for roughly a century after Verrill's 1897 retraction, revived by intermittent sympathetic analyses — notably a 1971 Natural History magazine tissue study (Gennaro) and 1980s amino-acid work (Mackal) claiming octopus-like composition — before Pierce et al.'s 1995/2004 analyses closed the case; it is the canonical case study of monster-claim persistence via periodic 'scientific' revivals.",E,Prior analyses reviewed and rebutted in Pierce et al. 1995,1995,peer-reviewed,direct,medium,"Rating: supported in outline; the specific 1971 (Gennaro, Natural History) and 1986 (Mackal, Cryptozoology) citation details are from prior knowledge and were NOT re-verified this session — check against Pierce et al. 1995's reference list before quoting.",https://consensus.app/papers/details/5bdc72c3ddb25c2d9489dfe16db21c24/
MYT-23,"The story that the schooner Pearl was pulled under by a giant squid in the Strait of Malacca in 1874 traces to a single second-hand newspaper account (a letter printed in the London Times in July 1874, attributed to 'James Floyd'), which appeared amid worldwide publicity over the Newfoundland squids; no ship-registry, insurance, or independent-witness corroboration has ever surfaced, and historians of the subject treat it as newspaper fiction.",E,London Times story (1874) as assessed in Ellis 1998,1874,press,direct,medium,"Rating: UNSUPPORTED (likely fabrication). I could not access the Times archive to confirm the exact issue (commonly given as 4 July 1874) or the letter's wording; the negative evidence (no registry match) is reported in secondary literature, not independently re-checked here.",none found
MYT-24,"The WWII tale that survivors of the sunken British troopship Britannia (1941) were attacked by a giant squid that dragged down a shipmate and left sucker scars on survivor R.E.G. Cox is a wartime urban legend: Dyer (2020, War in History) traced its origins and spread and debunked it through historiographical research and examination of the relevant marine biology.",E,"Dyer J., 'Big stories about big squids: The story of the Britannia and the birth of a wartime urban legend', War in History",2020,peer-reviewed,direct,high,Rating: UNSUPPORTED (the squid attack); the sinking of the Britannia itself (March 1941) is real history. Abstract verified this session; the article's detailed argument was not readable behind access restrictions.,https://consensus.app/papers/details/68d8d07856bd501da34e4c3a833627ee/
MYT-25,"In January 2003 the crew of Olivier de Kersauson's trimaran Geronimo, during a Jules Verne Trophy attempt, reported a large squid clamped to the hull/rudder off Madeira — seen as a tentacle through a porthole by first mate Didier Ragot and estimated at roughly 8 m — which released when the boat slowed; no photograph or physical trace exists.",E,"Contemporary international press reports (e.g., BBC News, January 2003)",2003,press,direct,medium,"Rating: PLAUSIBLE-BUT-UNCONFIRMED — giant squid do very rarely appear at the surface, but the size estimate and 'attack/clinging' framing are unverifiable eyewitness impressions amplified by press; teuthologists at the time expressed skepticism. Press items could not be re-fetched this session (egress blocked).",none found
MYT-26,"The claim that USS Stein (DE-1065) returned from a 1976 cruise with its sonar dome's rubber 'NOFOUL' coating slashed and containing embedded claw-like sheaths of cephalopod origin — attributed to an unknown squid of unusual size — rests on thin primary documentation and circulates chiefly through secondary and cryptozoological literature; notably, Architeuthis suckers bear toothed rings but no claws or hooks, so even taken at face value the physical description would indicate a hook-bearing squid family, not the giant squid.",E,Secondary accounts as discussed in Ellis 1998 (The Search for the Giant Squid),1976,book,direct,low,Rating: PLAUSIBLE-BUT-UNCONFIRMED that some squid damaged the dome; UNSUPPORTED as evidence about Architeuthis. I could not locate or verify any primary Navy report or peer-reviewed source this session; the widely named analyst and venue vary between retellings and should not be quoted without primary verification.,none found
MYT-27,"In the reverse direction of misidentification, Victorian naturalists — canonically Henry Lee in Sea Monsters Unmasked (1883) — argued that many classic 'sea serpent' sightings and stranded 'monsters' were actually giant squid, with arms and tentacles read as serpentine necks and tails; the giant squid thus functioned both as a source of monster reports and as a naturalistic explanation for them.",E,"Lee H., Sea Monsters Unmasked (London)",1883,book,inferred,medium,"Rating: supported as a historiographical fact about Lee's argument (book not accessible this session); Lee's individual case attributions are of mixed quality, and several of his flagship cases (e.g., Egede 1734) have been reassigned to cetaceans by modern analysis (Paxton et al. 2005).",none found
MYT-28,"Modern historical-ecology re-analyses by R. France (2016, 2019, 2020) reinterpret a swath of 19th-century 'sea serpent' reports — including the once-popular genre of whales 'battling sea serpents' — as whales entangled in fishing gear or debris, and other classic cases as basking sharks; combined with the whale-blubber globster results, misidentification traffic around the giant squid ran in both directions (squid mistaken for monsters; whale and shark material mistaken for giant cephalopods).",D,"France R.L., 'Reinterpreting nineteenth-century accounts of whales battling sea serpents...', International Journal of Maritime History",2016,peer-reviewed,inferred,high,Rating: supported as published reinterpretation (multiple France papers verified via Consensus this session); each individual case identity remains probabilistic rather than proven.,https://consensus.app/papers/details/c42abfd8d455560e8f9574a5825c79a1/
MYT-29,"Literary landmarks fixed the kraken/giant squid in Western culture on specific dates — Tennyson's poem 'The Kraken' (1830, Poems, Chiefly Lyrical), the 'Squid' chapter of Melville's Moby-Dick (1851), and the cephalopod-attack episode of Verne's Twenty Thousand Leagues Under the Seas (serialized 1869–70), which explicitly invokes the Alecton incident — priming the public to read the 1870s Newfoundland specimens through a monster lens.",E,Tennyson 1830; Melville 1851; Verne 1869–70 (primary literary texts); cultural analysis in Latva 2023 and Ellis 1998,1830-1870,book,direct,high,"Rating: supported (standard publication facts). Verne's in-text reference to the Alecton is from prior reading of the novel, not re-checked this session. Strictly cultural context — none of these are biological evidence.",none found
MYT-30,"Credible modern sources genuinely disagree over how much of the kraken tradition reflects giant squid at all: the zoological review tradition (Salvador & Tomotani 2014) states flatly that kraken legends 'were based on sightings of giant squids', while medieval-studies and history-of-science scholarship (McCarthy et al. 2023 on the hafgufa; Latva 2023's monograph) roots the pre-1750s tradition in whales and bestiary lore and argues the continuous 'seafarers always feared the squid-kraken' narrative is historically inaccurate.",E,"Salvador & Tomotani 2014 (História, Ciências, Saúde-Manguinhos) vs. McCarthy et al. 2023 and Latva 2023",2014-2023,peer-reviewed,inferred,high,"Rating: DISPUTED — a live scholarly disagreement; the dossier should not present 'kraken = giant squid' as settled fact, only that post-1850s the kraken label was retrospectively attached to Architeuthis.",https://consensus.app/papers/details/8fe6cf5bbfb459308472fecf183e1279/
REP-32,"Sectioned statoliths and beak rostra of Architeuthis specimens physically contain countable growth increments (e.g., 351 increments counted in one sectioned statolith; micro-increments counted along beak rostra of 10 specimens) - a specimen-level observation distinct from any age interpretation.",B,"Jackson, Lu & Dunning 1991, The Veliger 34(4):331-334; Landman et al. 2004, Marine Biology 144:685-691; Perales-Raya et al. 2020, Bulletin of Marine Science 96(2)",1991-2020,peer-reviewed,direct,high,"The physical increments are specimen fact; their temporal periodicity (daily or otherwise) is unvalidated inference for this species - see REP-26. Increment counts read from search-verified abstracts, not full texts.",10.5343/bms.2019.0041 (Perales-Raya); 10.1007/s00227-003-1245-y (Landman)
